"","period","dias_rest","Cs","Más País","PP","PSOE","Unidas Podemos","Vox","Cs.Enc","PP.Enc","PSOE.Enc","Unidas Podemos.Enc","Vox.Enc","Más País.Enc","IZQ","DCH","Otros","IZQ.Enc","DCH.Enc","Otros.Enc"
"1",2020-01-01,1439,5.6,2,20.8,27,13.7,15.7,NA,NA,NA,NA,NA,NA,42.7,42.1,15.2,NA,NA,NA
"2",2020-01-02,1438,5.6,2,20.6,27,13.7,15.9,4.9,19.5,26.9,13.3,18.6,2.6,42.7,42.1,15.2,42.8,43,14.2
"3",2020-01-02,1438,5.6,2,20.6,27,13.7,15.9,6.6,19.9,26.8,14.2,16.7,1.8,42.7,42.1,15.2,42.8,43.2,14
"4",2020-01-03,1437,5.6,2,20.6,27,13.7,15.9,NA,NA,NA,NA,NA,NA,42.7,42.1,15.2,NA,NA,NA
"5",2020-01-04,1436,5.6,2,20.6,27,13.7,15.9,NA,NA,NA,NA,NA,NA,42.7,42.1,15.2,NA,NA,NA
"6",2020-01-05,1435,5.6,2,20.7,27.1,13.7,15.9,NA,NA,NA,NA,NA,NA,42.7,42.2,15.1,NA,NA,NA
"7",2020-01-06,1434,5.6,2,20.7,27.1,13.7,15.9,NA,NA,NA,NA,NA,NA,42.7,42.2,15.1,NA,NA,NA
"8",2020-01-07,1433,5.6,2,20.7,27.1,13.7,15.9,NA,NA,NA,NA,NA,NA,42.7,42.2,15.1,NA,NA,NA
"9",2020-01-08,1432,5.6,2,20.6,27,13.7,16,6.8,19.1,26.6,14,17.1,1.8,42.7,42.1,15.2,42.4,43,14.6
"10",2020-01-09,1431,5.6,2,20.5,27,13.7,16,6.1,20.3,27,13.9,16.4,2,42.7,42.1,15.2,42.9,42.8,14.3
"11",2020-01-10,1430,5.8,1.9,20.7,27,13.7,15.9,7.9,20.3,26.5,15.5,14.4,NA,42.7,42.4,14.9,NA,42.6,NA
"12",2020-01-10,1430,5.8,1.9,20.7,27,13.7,15.9,4,20.7,29.9,13.3,16.4,1.9,42.7,42.4,14.9,45.1,41.1,13.8
"13",2020-01-10,1430,5.8,1.9,20.7,27,13.7,15.9,7.3,23.2,26.3,12.4,15,1.5,42.7,42.4,14.9,40.2,45.5,14.3
"14",2020-01-11,1429,5.8,1.9,20.7,27,13.7,15.9,NA,NA,NA,NA,NA,NA,42.7,42.4,14.9,NA,NA,NA
"15",2020-01-12,1428,5.7,1.9,20.6,27.1,13.7,16,NA,NA,NA,NA,NA,NA,42.7,42.3,15,NA,NA,NA
"16",2020-01-13,1427,5.7,1.9,20.7,27.2,13.7,15.8,6.5,19.9,30.4,13.8,13.4,1.8,42.8,42.2,15,46,39.8,14.2
"17",2020-01-14,1426,5.7,1.9,20.6,27.2,13.7,15.8,NA,NA,NA,NA,NA,NA,42.8,42.2,15,NA,NA,NA
"18",2020-01-15,1425,5.7,1.9,20.6,27.1,13.7,15.9,7.2,19.1,26.4,14,16.9,1.8,42.8,42.2,15,42.2,43.2,14.6
"19",2020-01-16,1424,5.7,1.9,20.6,27.1,13.7,15.9,NA,NA,NA,NA,NA,NA,42.8,42.2,15,NA,NA,NA
"20",2020-01-17,1423,5.6,1.9,20.6,27.2,13.7,15.9,3.8,20.2,30.3,13.6,16.6,NA,42.9,42.1,15,NA,40.6,NA
"21",2020-01-17,1423,5.6,1.9,20.6,27.2,13.7,15.9,5.4,22.1,26.7,13.4,16.1,1.8,42.9,42.1,15,41.9,43.6,14.5
"22",2020-01-18,1422,5.6,1.9,20.6,27.3,13.7,15.9,5.5,21.2,27.7,12.5,16.3,2.1,42.9,42.2,14.9,42.3,43,14.7
"23",2020-01-19,1421,5.6,1.9,20.6,27.3,13.7,15.9,NA,NA,NA,NA,NA,NA,42.9,42.2,14.9,NA,NA,NA
"24",2020-01-20,1420,5.6,1.9,20.7,27.3,13.7,15.9,NA,NA,NA,NA,NA,NA,42.9,42.2,14.9,NA,NA,NA
"25",2020-01-21,1419,5.6,1.9,20.7,27.3,13.7,15.9,5.8,21,27.7,14,15.6,1.8,42.9,42.3,14.8,43.5,42.4,14.1
"26",2020-01-22,1418,5.6,1.9,20.7,27.3,13.7,15.9,NA,NA,NA,NA,NA,NA,42.9,42.3,14.8,NA,NA,NA
"27",2020-01-23,1417,5.6,1.9,20.7,27.3,13.7,15.9,6.8,19.4,26.3,13.7,17.1,1.8,42.9,42.3,14.8,41.8,43.3,14.9
"28",2020-01-24,1416,5.6,1.9,20.7,27.3,13.7,15.9,NA,NA,NA,NA,NA,NA,42.9,42.3,14.8,NA,NA,NA
"29",2020-01-25,1415,5.6,1.9,20.7,27.3,13.7,15.9,NA,NA,NA,NA,NA,NA,42.9,42.3,14.8,NA,NA,NA
"30",2020-01-26,1414,5.6,1.9,20.7,27.3,13.7,15.9,NA,NA,NA,NA,NA,NA,42.9,42.3,14.8,NA,NA,NA
"31",2020-01-27,1413,5.6,1.9,20.7,27.3,13.6,16,NA,NA,NA,NA,NA,NA,42.8,42.3,14.8,NA,NA,NA
"32",2020-01-28,1412,5.7,1.9,20.7,27.3,13.6,16,NA,NA,NA,NA,NA,NA,42.8,42.4,14.9,NA,NA,NA
"33",2020-01-29,1411,5.7,2,20.8,27.3,13.6,16,6.1,20.5,26.8,13.3,15.3,2.7,42.8,42.4,14.8,42.8,41.9,15.3
"34",2020-01-30,1410,5.7,2,20.8,27.3,13.6,16,NA,NA,NA,NA,NA,NA,42.8,42.4,14.8,NA,NA,NA
"35",2020-01-31,1409,5.6,2,20.7,27.3,13.6,16.1,3.9,20.4,29.7,13.5,16.8,NA,42.9,42.3,14.8,NA,41.1,NA
"36",2020-01-31,1409,5.6,2,20.7,27.3,13.6,16.1,4.7,19.4,27,13.7,18.7,2.2,42.9,42.3,14.8,42.9,42.8,14.3
"37",2020-02-01,1408,5.6,2,20.7,27.3,13.6,16.1,6.8,19.8,26.7,13.6,16.9,1.8,42.9,42.3,14.8,42.1,43.5,14.4
"38",2020-02-02,1407,5.6,2,20.7,27.3,13.6,16.1,NA,NA,NA,NA,NA,NA,42.9,42.3,14.8,NA,NA,NA
"39",2020-02-03,1406,5.6,2,20.6,27.4,13.6,16.2,NA,NA,NA,NA,NA,NA,43,42.4,14.7,NA,NA,NA
"40",2020-02-04,1405,5.6,2,20.6,27.4,13.6,16.2,NA,NA,NA,NA,NA,NA,43,42.4,14.7,NA,NA,NA
"41",2020-02-05,1404,5.6,2,20.5,27.4,13.7,16.2,6.1,19.9,27.2,13.4,16.8,1.8,43,42.3,14.8,42.4,42.8,14.8
"42",2020-02-06,1403,5.6,2,20.5,27.4,13.7,16.2,NA,NA,NA,NA,NA,NA,43,42.3,14.8,NA,NA,NA
"43",2020-02-07,1402,5.6,2,20.4,27.3,13.7,16.3,6.2,20.2,27.6,13.5,16.9,2,43,42.3,14.7,43.1,43.3,13.6
"44",2020-02-08,1401,5.6,2,20.4,27.3,13.7,16.3,NA,NA,NA,NA,NA,NA,43,42.3,14.7,NA,NA,NA
"45",2020-02-09,1400,5.6,2,20.4,27.3,13.7,16.3,NA,NA,NA,NA,NA,NA,43,42.3,14.7,NA,NA,NA
"46",2020-02-10,1399,5.6,2,20.4,27.3,13.7,16.3,NA,NA,NA,NA,NA,NA,43,42.3,14.7,NA,NA,NA
"47",2020-02-11,1398,5.9,1.9,20.4,27.5,13.6,16.1,7.9,17.6,28.5,14,16.1,NA,43.1,42.4,14.6,NA,41.6,NA
"48",2020-02-11,1398,5.9,1.9,20.4,27.5,13.6,16.1,8.1,18.9,30.9,13.6,13.4,1.6,43.1,42.4,14.6,46.1,40.4,13.5
"49",2020-02-12,1397,5.9,1.9,20.4,27.6,13.6,16.1,NA,NA,NA,NA,NA,NA,43.1,42.4,14.5,NA,NA,NA
"50",2020-02-13,1396,5.9,1.9,20.4,27.6,13.6,16.1,NA,NA,NA,NA,NA,NA,43.1,42.4,14.5,NA,NA,NA
"51",2020-02-14,1395,5.9,1.9,20.4,27.5,13.6,16.1,5.6,22.2,26.9,13.2,16.1,1.7,43.1,42.4,14.5,41.8,43.9,14.3
"52",2020-02-15,1394,5.9,1.9,20.4,27.5,13.6,16.1,NA,NA,NA,NA,NA,NA,43.1,42.4,14.5,NA,NA,NA
"53",2020-02-16,1393,5.9,1.9,20.4,27.5,13.6,16.1,NA,NA,NA,NA,NA,NA,43.1,42.4,14.5,NA,NA,NA
"54",2020-02-17,1392,5.9,1.9,20.5,27.6,13.6,16,NA,NA,NA,NA,NA,NA,43.1,42.4,14.5,NA,NA,NA
"55",2020-02-18,1391,5.9,1.9,20.5,27.6,13.6,16,NA,NA,NA,NA,NA,NA,43.1,42.4,14.5,NA,NA,NA
"56",2020-02-19,1390,5.9,1.9,20.5,27.6,13.6,16,NA,NA,NA,NA,NA,NA,43.1,42.4,14.5,NA,NA,NA
"57",2020-02-20,1389,5.9,1.9,20.5,27.6,13.6,16,NA,NA,NA,NA,NA,NA,43.1,42.4,14.5,NA,NA,NA
"58",2020-02-21,1388,5.8,1.9,20.5,27.6,13.6,16,3.5,21,29.1,13.4,17,NA,43.1,42.3,14.5,NA,41.5,NA
"59",2020-02-22,1387,5.8,1.9,20.5,27.6,13.6,16,NA,NA,NA,NA,NA,NA,43.1,42.3,14.5,NA,NA,NA
"60",2020-02-23,1386,5.8,1.9,20.5,27.7,13.6,16,NA,NA,NA,NA,NA,NA,43.2,42.3,14.5,NA,NA,NA
"61",2020-02-24,1385,5.8,1.9,20.6,27.8,13.6,16,NA,NA,NA,NA,NA,NA,43.2,42.4,14.4,NA,NA,NA
"62",2020-02-25,1384,5.6,1.9,20.4,27.8,13.5,16.1,5.3,20.4,27.7,13.3,17,1.8,43.3,42.2,14.5,42.8,42.7,14.5
"63",2020-02-26,1383,5.6,1.9,20.4,27.8,13.5,16.1,NA,NA,NA,NA,NA,NA,43.3,42.2,14.5,NA,NA,NA
"64",2020-02-27,1382,5.6,1.9,20.4,27.8,13.5,16.1,NA,NA,NA,NA,NA,NA,43.3,42.2,14.5,NA,NA,NA
"65",2020-02-28,1381,5.5,2,20.3,27.8,13.5,16.5,3.9,19.7,27.8,13.2,18.8,2.4,43.2,42.3,14.5,43.4,42.4,14.2
"66",2020-02-29,1380,5.5,2,20.3,27.8,13.5,16.5,NA,NA,NA,NA,NA,NA,43.2,42.3,14.5,NA,NA,NA
"67",2020-03-01,1379,5.5,2,20.4,27.9,13.4,16.4,NA,NA,NA,NA,NA,NA,43.3,42.3,14.4,NA,NA,NA
"68",2020-03-02,1378,5.5,2,20.4,27.9,13.4,16.4,NA,NA,NA,NA,NA,NA,43.3,42.3,14.4,NA,NA,NA
"69",2020-03-03,1377,5.5,2,20.4,27.8,13.4,16.5,NA,NA,NA,NA,NA,NA,43.2,42.4,14.4,NA,NA,NA
"70",2020-03-04,1376,5.6,2,20.2,27.8,13.5,16.5,NA,NA,NA,NA,NA,NA,43.3,42.3,14.4,NA,NA,NA
"71",2020-03-05,1375,5.6,2,20.4,27.9,13.4,16.5,5.6,21,27.9,12.3,16.4,NA,43.2,42.5,14.3,NA,43,NA
"72",2020-03-05,1375,5.6,2,20.4,27.9,13.4,16.5,6,20.6,27.7,13.6,16,1.9,43.2,42.5,14.3,43.2,42.6,14.2
"73",2020-03-05,1375,5.6,2,20.4,27.9,13.4,16.5,5.5,20.3,27.7,13.2,17,1.9,43.2,42.5,14.3,42.8,42.8,14.4
"74",2020-03-06,1374,5.5,2,20.5,27.9,13.5,16.5,7.7,20.9,27.7,14.9,15.1,NA,43.3,42.5,14.1,NA,43.7,NA
"75",2020-03-06,1374,5.5,2,20.5,27.9,13.5,16.5,3.3,21.1,28.8,13.2,17.6,NA,43.3,42.5,14.1,NA,42,NA
"76",2020-03-07,1373,5.5,2,20.5,27.9,13.4,16.5,NA,NA,NA,NA,NA,NA,43.3,42.5,14.2,NA,NA,NA
"77",2020-03-08,1372,5.5,2,20.5,27.9,13.4,16.5,NA,NA,NA,NA,NA,NA,43.3,42.5,14.2,NA,NA,NA
"78",2020-03-09,1371,5.5,2,20.5,28,13.4,16.5,NA,NA,NA,NA,NA,NA,43.4,42.5,14.1,NA,NA,NA
"79",2020-03-10,1370,5.5,2,20.5,28,13.4,16.5,NA,NA,NA,NA,NA,NA,43.4,42.5,14.1,NA,NA,NA
"80",2020-03-11,1369,5.5,2,20.5,28,13.4,16.5,NA,NA,NA,NA,NA,NA,43.4,42.5,14.1,NA,NA,NA
"81",2020-03-12,1368,5.5,2,20.5,28,13.4,16.5,NA,NA,NA,NA,NA,NA,43.4,42.5,14.1,NA,NA,NA
"82",2020-03-13,1367,5.6,1.9,20.6,28,13.3,16.3,7.8,21.7,25.5,13.4,15.1,1.8,43.3,42.5,14.2,40.7,44.6,14.7
"83",2020-03-13,1367,5.6,1.9,20.6,28,13.3,16.3,7.2,19.6,31.9,12.9,14.8,1.2,43.3,42.5,14.2,46,41.6,12.4
"84",2020-03-14,1366,5.6,1.9,20.6,28,13.3,16.3,NA,NA,NA,NA,NA,NA,43.3,42.5,14.2,NA,NA,NA
"85",2020-03-15,1365,5.6,1.8,20.5,28.1,13.4,16.4,NA,NA,NA,NA,NA,NA,43.3,42.5,14.3,NA,NA,NA
"86",2020-03-16,1364,5.6,1.8,20.5,28.1,13.4,16.4,NA,NA,NA,NA,NA,NA,43.3,42.5,14.3,NA,NA,NA
"87",2020-03-17,1363,5.8,1.8,20.7,27.9,13.4,16.1,8.3,23.4,24.5,13.6,14.5,1.3,43,42.7,14.3,39.4,46.2,14.4
"88",2020-03-18,1362,5.8,1.8,20.8,28,13.3,16.1,NA,NA,NA,NA,NA,NA,43,42.7,14.3,NA,NA,NA
"89",2020-03-19,1361,5.8,1.8,20.8,28,13.3,16.1,NA,NA,NA,NA,NA,NA,43,42.7,14.3,NA,NA,NA
"90",2020-03-20,1360,5.8,1.8,20.8,28,13.3,16.1,NA,NA,NA,NA,NA,NA,43,42.7,14.3,NA,NA,NA
"91",2020-03-21,1359,5.8,1.8,20.8,28,13.3,16.1,NA,NA,NA,NA,NA,NA,43,42.7,14.3,NA,NA,NA
"92",2020-03-22,1358,5.8,1.7,20.8,28,13.3,16.1,NA,NA,NA,NA,NA,NA,43.1,42.7,14.2,NA,NA,NA
"93",2020-03-23,1357,5.8,1.7,20.8,28,13.3,16.1,NA,NA,NA,NA,NA,NA,43.1,42.7,14.2,NA,NA,NA
"94",2020-03-24,1356,5.7,1.7,21,28.1,13.3,16,NA,NA,NA,NA,NA,NA,43.1,42.7,14.2,NA,NA,NA
"95",2020-03-25,1355,5.7,1.7,21,28.1,13.3,16,NA,NA,NA,NA,NA,NA,43.1,42.7,14.2,NA,NA,NA
"96",2020-03-26,1354,5.7,1.7,20.9,28,13.2,16,5.2,19.9,26.2,11.8,15.7,NA,42.9,42.6,14.5,NA,40.8,NA
"97",2020-03-27,1353,5.8,1.7,21,28,13.1,15.9,7.2,23.1,26.8,11.8,14.4,1.9,42.8,42.7,14.5,40.5,44.7,14.8
"98",2020-03-28,1352,5.5,1.8,21.3,27.7,13.1,16.1,NA,NA,NA,NA,NA,NA,42.6,42.9,14.6,NA,NA,NA
"99",2020-03-29,1351,5.5,1.8,21.3,27.7,13.1,16.1,NA,NA,NA,NA,NA,NA,42.6,42.9,14.6,NA,NA,NA
"100",2020-03-30,1350,5.6,1.8,21.4,27.6,13,15.9,6.2,20.8,27.9,13.6,16,2,42.5,43,14.6,43.5,43,13.5
"101",2020-03-30,1350,5.6,1.8,21.4,27.6,13,15.9,8.9,23.2,25.2,12,14.2,2,42.5,43,14.6,39.2,46.3,14.5
"102",2020-03-31,1349,5.5,1.9,21.4,27.6,13,16,5.1,21.6,25.5,12.6,16.9,2.3,42.4,42.9,14.7,40.4,43.6,16
"103",2020-04-01,1348,5.4,1.8,21.6,27.9,12.8,15.8,4.4,24.3,32.2,11,13.8,1.5,42.5,42.9,14.6,44.7,42.5,12.8
"104",2020-04-02,1347,5.4,1.8,21.6,27.9,12.8,15.8,NA,NA,NA,NA,NA,NA,42.5,42.9,14.6,NA,NA,NA
"105",2020-04-03,1346,5.4,1.8,21.6,27.9,12.8,15.8,NA,NA,NA,NA,NA,NA,42.5,42.9,14.6,NA,NA,NA
"106",2020-04-04,1345,5.4,1.8,21.6,27.9,12.8,15.8,NA,NA,NA,NA,NA,NA,42.5,42.9,14.6,NA,NA,NA
"107",2020-04-05,1344,5.4,1.8,21.6,27.9,12.8,15.8,NA,NA,NA,NA,NA,NA,42.5,42.9,14.6,NA,NA,NA
"108",2020-04-06,1343,5.4,1.8,21.6,27.9,12.8,15.8,NA,NA,NA,NA,NA,NA,42.5,42.9,14.6,NA,NA,NA
"109",2020-04-07,1342,5.8,1.8,21.7,27.8,12.7,15.6,8.3,23.5,25.9,11.9,14.3,1.9,42.3,43,14.7,39.7,46.1,14.2
"110",2020-04-07,1342,5.8,1.8,21.7,27.8,12.7,15.6,5.7,22.2,28.2,11,16,NA,42.3,43,14.7,NA,43.9,NA
"111",2020-04-07,1342,5.8,1.8,21.7,27.8,12.7,15.6,6.9,20.5,27.9,13.7,16.3,1.7,42.3,43,14.7,43.3,43.7,13
"112",2020-04-07,1342,5.8,1.8,21.7,27.8,12.7,15.6,7.6,21.1,31.2,12,13,1.5,42.3,43,14.7,44.7,41.7,13.6
"113",2020-04-08,1341,5.8,1.8,21.7,27.8,12.7,15.6,NA,NA,NA,NA,NA,NA,42.3,43,14.7,NA,NA,NA
"114",2020-04-09,1340,5.8,1.8,21.7,27.8,12.7,15.6,NA,NA,NA,NA,NA,NA,42.3,43,14.7,NA,NA,NA
"115",2020-04-10,1339,5.8,1.8,21.7,27.8,12.7,15.6,NA,NA,NA,NA,NA,NA,42.3,43,14.7,NA,NA,NA
"116",2020-04-11,1338,5.8,1.8,21.7,27.8,12.6,15.5,NA,NA,NA,NA,NA,NA,42.3,43,14.7,NA,NA,NA
"117",2020-04-12,1337,5.8,1.8,21.7,27.8,12.6,15.5,NA,NA,NA,NA,NA,NA,42.3,43,14.7,NA,NA,NA
"118",2020-04-13,1336,5.8,1.8,21.7,27.8,12.6,15.5,NA,NA,NA,NA,NA,NA,42.3,43,14.7,NA,NA,NA
"119",2020-04-14,1335,5.9,1.8,21.9,27.9,12.5,15.3,7.5,23.6,28.1,11.5,13.9,1.8,42.1,43.1,14.8,41.4,45,13.6
"120",2020-04-15,1334,5.9,1.7,22.1,28.1,12.4,15.1,5.4,25.4,31.7,11.5,11.9,1.3,42.3,43,14.7,44.5,42.7,12.8
"121",2020-04-16,1333,5.9,1.7,22.1,28.1,12.4,15.1,NA,NA,NA,NA,NA,NA,42.3,43,14.7,NA,NA,NA
"122",2020-04-17,1332,5.9,1.7,22.2,28.1,12.5,15,6.4,22.3,28.2,12.4,14.5,1.9,42.3,43.1,14.6,42.5,43.2,14.3
"123",2020-04-17,1332,5.9,1.7,22.2,28.1,12.5,15,5.3,22.7,26.8,13.4,15,1.6,42.3,43.1,14.6,41.8,43,15.2
"124",2020-04-18,1331,5.9,1.7,22.2,28.1,12.5,15,NA,NA,NA,NA,NA,NA,42.3,43.1,14.6,NA,NA,NA
"125",2020-04-19,1330,5.9,1.7,22.2,28.1,12.5,15,NA,NA,NA,NA,NA,NA,42.3,43.1,14.6,NA,NA,NA
"126",2020-04-20,1329,5.9,1.7,22.3,28.1,12.4,14.8,NA,NA,NA,NA,NA,NA,42.2,43,14.8,NA,NA,NA
"127",2020-04-21,1328,6,1.7,22.4,28.1,12.2,14.6,NA,NA,NA,NA,NA,NA,42,43.1,14.9,NA,NA,NA
"128",2020-04-22,1327,6,1.7,22.5,28.1,12.2,14.6,7.1,23.7,28.3,11.6,13.8,1.7,42,43.1,14.9,41.6,44.6,13.8
"129",2020-04-23,1326,6,1.7,22.5,28.1,12.2,14.6,NA,NA,NA,NA,NA,NA,42,43.1,14.9,NA,NA,NA
"130",2020-04-24,1325,6.1,1.7,22.9,28.1,12.1,14.6,NA,25.1,26.7,NA,NA,NA,41.9,43.7,14.5,NA,NA,NA
"131",2020-04-24,1325,6.1,1.7,22.9,28.1,12.1,14.6,7.5,25.4,28.2,11,14.5,1.2,41.9,43.7,14.5,40.4,47.4,12.2
"132",2020-04-25,1324,6.3,1.7,22.9,28,12.1,14.6,7.8,22.4,25.1,12.1,15.3,2.3,41.8,43.8,14.4,39.5,45.5,15
"133",2020-04-26,1323,6.3,1.7,22.9,28,12.1,14.6,NA,NA,NA,NA,NA,NA,41.8,43.8,14.4,NA,NA,NA
"134",2020-04-27,1322,6.3,1.7,22.9,28,12.1,14.6,NA,NA,NA,NA,NA,NA,41.8,43.8,14.4,NA,NA,NA
"135",2020-04-28,1321,6.2,1.7,23.1,27.9,12,14.6,NA,NA,NA,NA,NA,NA,41.7,43.9,14.4,NA,NA,NA
"136",2020-04-29,1320,6.2,1.7,23.1,27.9,12,14.6,7.3,23.8,27.4,11.4,14.2,1.8,41.6,43.9,14.5,40.6,45.3,14.1
"137",2020-04-30,1319,6.3,1.7,23.1,27.8,12.1,14.6,6.2,23.2,26.3,13,15.4,1.7,41.6,43.9,14.5,41,44.8,14.2
"138",2020-05-01,1318,6.3,1.7,23,27.8,12.1,14.7,6.9,20.4,27.9,12.3,17,NA,41.6,44,14.4,NA,44.3,NA
"139",2020-05-02,1317,6.3,1.7,23,27.9,12,14.7,NA,NA,NA,NA,NA,NA,41.7,44,14.3,NA,NA,NA
"140",2020-05-03,1316,6.3,1.7,23,27.9,12,14.7,NA,NA,NA,NA,NA,NA,41.7,44,14.3,NA,NA,NA
"141",2020-05-04,1315,6.3,1.8,22.9,27.8,12,14.7,7.5,22.3,25.1,13.1,15.7,2.2,41.6,44,14.4,40.4,45.5,14.1
"142",2020-05-05,1314,6.3,1.8,22.9,27.8,12,14.7,NA,NA,NA,NA,NA,NA,41.6,44,14.4,NA,NA,NA
"143",2020-05-06,1313,6.3,1.8,22.9,27.8,12,14.7,NA,NA,NA,NA,NA,NA,41.6,44,14.4,NA,NA,NA
"144",2020-05-07,1312,6.3,1.8,23,27.8,12,14.7,7.6,24.9,26.3,11.4,14.1,1.8,41.5,44,14.4,39.5,46.6,13.9
"145",2020-05-08,1311,6.6,1.7,23,27.9,12.1,14.6,9,20.3,28.4,12,16.2,1.2,41.6,44.1,14.2,41.6,45.5,12.9
"146",2020-05-08,1311,6.6,1.7,23,27.9,12.1,14.6,6.5,22.2,27.4,12.9,15.6,1.6,41.6,44.1,14.2,41.9,44.3,13.8
"147",2020-05-08,1311,6.6,1.7,23,27.9,12.1,14.6,9.8,21.7,30.8,12.2,11.8,NA,41.6,44.1,14.2,NA,43.3,NA
"148",2020-05-08,1311,6.6,1.7,23,27.9,12.1,14.6,5.9,27.1,28.7,10.9,11.7,1.4,41.6,44.1,14.2,41,44.7,14.3
"149",2020-05-09,1310,6.6,1.7,23,27.8,12.1,14.6,6.4,23.9,25.1,13.6,15.2,1.4,41.6,44.2,14.2,40.1,45.5,14.4
"150",2020-05-10,1309,6.6,1.7,23,27.8,12.1,14.6,NA,NA,NA,NA,NA,NA,41.6,44.2,14.2,NA,NA,NA
"151",2020-05-11,1308,6.6,1.7,23.1,27.8,12.1,14.5,NA,NA,NA,NA,NA,NA,41.6,44.3,14.1,NA,NA,NA
"152",2020-05-12,1307,6.6,1.7,23.1,27.9,12.1,14.5,NA,NA,NA,NA,NA,NA,41.7,44.3,14.1,NA,NA,NA
"153",2020-05-13,1306,6.8,1.7,23.2,27.8,12,14.3,7,24,28,11,13,NA,41.6,44.3,14.1,NA,44,NA
"154",2020-05-13,1306,6.8,1.7,23.2,27.8,12,14.3,7.4,25.3,26.1,11.4,14.1,1.8,41.6,44.3,14.1,39.3,46.8,13.9
"155",2020-05-13,1306,6.8,1.7,23.2,27.8,12,14.3,10.5,20.3,31.1,11.5,11.3,1.4,41.6,44.3,14.1,44,42.1,13.9
"156",2020-05-14,1305,6.7,1.7,23.1,27.8,12.1,14.4,5.6,21.2,27.3,13,15.8,2.3,41.6,44.3,14.2,42.6,42.6,14.8
"157",2020-05-15,1304,6.7,1.7,23.2,27.8,12,14.4,4,25.4,26.1,11.6,15.3,1.5,41.5,44.3,14.2,39.2,44.7,16.1
"158",2020-05-15,1304,6.7,1.7,23.2,27.8,12,14.4,6.5,22.8,27.5,11.3,14,NA,41.5,44.3,14.2,NA,43.3,NA
"159",2020-05-15,1304,6.7,1.7,23.2,27.8,12,14.4,8.9,21.2,28.1,11.8,15.8,1.5,41.5,44.3,14.2,41.4,45.9,12.7
"160",2020-05-16,1303,6.7,1.7,23.3,27.9,12,14.3,5.2,24.9,26,12.5,14.6,NA,41.5,44.4,14.2,NA,44.7,NA
"161",2020-05-17,1302,6.8,1.6,23.4,27.8,12,14.3,6.8,23.3,27.8,12.1,14.1,1.6,41.4,44.5,14.1,41.5,44.2,14.3
"162",2020-05-17,1302,6.8,1.6,23.4,27.8,12,14.3,6,26.4,29.7,11.4,11.8,1,41.4,44.5,14.1,42.1,44.2,13.7
"163",2020-05-18,1301,6.8,1.6,23.4,27.8,12,14.3,NA,NA,NA,NA,NA,NA,41.4,44.5,14.1,NA,NA,NA
"164",2020-05-19,1300,6.8,1.6,23.4,27.8,12,14.3,NA,NA,NA,NA,NA,NA,41.4,44.5,14.1,NA,NA,NA
"165",2020-05-20,1299,6.8,1.6,23.4,27.8,12,14.3,NA,NA,NA,NA,NA,NA,41.4,44.5,14.1,NA,NA,NA
"166",2020-05-21,1298,6.8,1.6,23.4,27.8,12,14.2,NA,NA,NA,NA,NA,NA,41.4,44.5,14.1,NA,NA,NA
"167",2020-05-22,1297,6.8,1.6,23.4,27.8,12,14.2,NA,NA,NA,NA,NA,NA,41.4,44.5,14.1,NA,NA,NA
"168",2020-05-23,1296,6.9,1.6,23.7,27.7,11.9,14.1,7.2,25.4,26.4,11.5,13.9,1.9,41.3,44.7,14,39.8,46.5,13.7
"169",2020-05-24,1295,7,1.6,23.6,27.7,11.9,14.2,9,22,25.1,11.3,15.8,NA,41.2,44.8,14,NA,46.8,NA
"170",2020-05-25,1294,7,1.6,23.6,27.7,11.9,14.2,NA,NA,NA,NA,NA,NA,41.2,44.8,14,NA,NA,NA
"171",2020-05-26,1293,7,1.6,23.6,27.7,11.9,14.2,NA,NA,NA,NA,NA,NA,41.2,44.8,14,NA,NA,NA
"172",2020-05-27,1292,7,1.6,23.6,27.7,11.9,14.2,NA,NA,NA,NA,NA,NA,41.2,44.8,14,NA,NA,NA
"173",2020-05-28,1291,7,1.6,23.6,27.7,11.9,14.2,NA,NA,NA,NA,NA,NA,41.2,44.8,14,NA,NA,NA
"174",2020-05-29,1290,7.1,1.6,23.6,27.6,11.9,14.3,7.9,24.4,26.9,10.9,14.6,1.4,41.1,44.9,13.9,39.2,46.9,13.9
"175",2020-05-29,1290,7.1,1.6,23.6,27.6,11.9,14.3,8.6,20,26.9,13.2,15.5,NA,41.1,44.9,13.9,NA,44.1,NA
"176",2020-05-30,1289,7.1,1.6,23.6,27.6,11.9,14.3,NA,NA,NA,NA,NA,NA,41.1,44.9,13.9,NA,NA,NA
"177",2020-05-31,1288,7.2,1.6,23.6,27.4,11.9,14.4,7.2,25.6,26.2,11.5,13.8,1.8,41,45.1,13.9,39.5,46.6,13.9
"178",2020-06-01,1287,7.2,1.6,23.6,27.4,11.9,14.4,NA,NA,NA,NA,NA,NA,41,45.1,13.9,NA,NA,NA
"179",2020-06-02,1286,7.3,1.6,23.7,27.3,11.9,14.3,NA,NA,NA,NA,NA,NA,40.8,45.2,13.9,NA,NA,NA
"180",2020-06-03,1285,7.3,1.6,23.7,27.3,11.9,14.3,7.8,25.1,25.6,11.7,14,1.9,40.8,45.3,13.9,39.2,46.9,13.9
"181",2020-06-04,1284,7.3,1.6,23.7,27.3,11.9,14.3,NA,NA,NA,NA,NA,NA,40.8,45.3,13.9,NA,NA,NA
"182",2020-06-05,1283,7.3,1.6,23.7,27.3,11.9,14.2,7.6,21.7,29.9,12,15.1,NA,40.9,45.2,14,NA,44.4,NA
"183",2020-06-05,1283,7.3,1.6,23.7,27.3,11.9,14.2,6.7,23.1,27,12.3,15.2,1.8,40.9,45.2,14,41.1,45,13.9
"184",2020-06-05,1283,7.3,1.6,23.7,27.3,11.9,14.2,7.6,25.4,28.3,10.5,11.2,1.6,40.9,45.2,14,40.4,44.2,15.4
"185",2020-06-06,1282,7.3,1.6,23.7,27.3,11.9,14.2,NA,NA,NA,NA,NA,NA,40.9,45.2,14,NA,NA,NA
"186",2020-06-07,1281,7.3,1.6,23.7,27.3,11.9,14.2,NA,NA,NA,NA,NA,NA,40.8,45.2,14,NA,NA,NA
"187",2020-06-08,1280,7.3,1.6,23.7,27.3,11.9,14.2,NA,NA,NA,NA,NA,NA,40.8,45.2,14,NA,NA,NA
"188",2020-06-09,1279,7.4,1.6,23.3,27.4,11.9,14.2,9.4,20,31.2,11.4,12.5,1.3,40.9,44.9,14.2,43.9,41.9,14.2
"189",2020-06-10,1278,7.4,1.6,23.4,27.5,11.9,14.1,NA,NA,NA,NA,NA,NA,41,44.8,14.2,NA,NA,NA
"190",2020-06-11,1277,7.4,1.6,23.4,27.5,11.9,14.1,NA,NA,NA,NA,NA,NA,41,44.8,14.2,NA,NA,NA
"191",2020-06-12,1276,7.4,1.6,23.4,27.4,11.9,14.1,7.9,24.7,25.9,11.7,14.1,2,40.9,44.9,14.2,39.6,46.7,13.7
"192",2020-06-13,1275,7.3,1.6,23.4,27.4,11.9,14.1,5.6,25.1,26,12.1,14.8,1.9,40.9,44.9,14.2,40,45.5,14.5
"193",2020-06-14,1274,7.3,1.6,23.4,27.4,11.9,14.1,NA,NA,NA,NA,NA,NA,40.9,44.9,14.2,NA,NA,NA
"194",2020-06-15,1273,7.3,1.6,23.4,27.4,11.9,14.1,NA,NA,NA,NA,NA,NA,40.9,44.9,14.2,NA,NA,NA
"195",2020-06-16,1272,7.4,1.6,23.5,27.4,11.9,14,NA,NA,NA,NA,NA,NA,40.9,44.9,14.2,NA,NA,NA
"196",2020-06-17,1271,7.4,1.6,23.6,27.4,11.9,13.9,8.3,26,28.7,12,11.7,1.2,40.9,45,14.1,41.9,46,12.1
"197",2020-06-18,1270,7.4,1.6,23.6,27.4,11.9,13.9,NA,NA,NA,NA,NA,NA,40.9,45,14.1,NA,NA,NA
"198",2020-06-19,1269,7.4,1.6,23.7,27.4,11.9,13.9,6.2,24.2,25,13.7,15.1,1.5,40.8,45,14.1,40.2,45.5,14.3
"199",2020-06-19,1269,7.4,1.6,23.7,27.4,11.9,13.9,8.2,24.6,25.5,11.8,14.2,1.9,40.8,45,14.1,39.2,47,13.8
"200",2020-06-20,1268,7.4,1.6,23.7,27.4,11.9,13.9,NA,NA,NA,NA,NA,NA,40.8,45,14.1,NA,NA,NA
"201",2020-06-21,1267,7.4,1.6,23.7,27.4,11.9,13.9,NA,NA,NA,NA,NA,NA,40.8,45,14.1,NA,NA,NA
"202",2020-06-22,1266,7.4,1.6,23.6,27.4,11.9,13.9,NA,NA,NA,NA,NA,NA,40.9,45,14.1,NA,NA,NA
"203",2020-06-23,1265,7.4,1.6,23.7,27.3,11.8,13.9,NA,NA,NA,NA,NA,NA,40.7,45.1,14.2,NA,NA,NA
"204",2020-06-24,1264,7.4,1.6,23.7,27.3,11.8,13.9,NA,NA,NA,NA,NA,NA,40.7,45.1,14.2,NA,NA,NA
"205",2020-06-25,1263,7.4,1.6,23.7,27.3,11.8,13.9,NA,NA,NA,NA,NA,NA,40.7,45.1,14.2,NA,NA,NA
"206",2020-06-26,1262,7.4,1.6,23.7,27.3,11.9,13.9,6,23.5,28.5,13.5,13,NA,40.9,45,14.1,NA,42.5,NA
"207",2020-06-26,1262,7.4,1.6,23.7,27.3,11.9,13.9,8.7,21,27.8,12.8,14.1,NA,40.9,45,14.1,NA,43.8,NA
"208",2020-06-26,1262,7.4,1.6,23.7,27.3,11.9,13.9,8,24.2,26.3,11.7,14.2,2,40.9,45,14.1,40,46.4,13.6
"209",2020-06-27,1261,7.4,1.6,23.7,27.3,11.9,13.9,8.3,22.4,26,11.3,15.1,NA,40.8,45,14.2,NA,45.8,NA
"210",2020-06-28,1260,7.3,1.6,23.6,27.3,11.9,14.1,NA,NA,NA,NA,NA,NA,40.8,45,14.1,NA,NA,NA
"211",2020-06-29,1259,7.4,1.6,23.7,27.3,11.9,14,NA,NA,NA,NA,NA,NA,40.8,45.2,14.1,NA,NA,NA
"212",2020-06-30,1258,7.6,1.6,23.8,27.2,11.9,13.9,NA,NA,NA,NA,NA,NA,40.8,45.3,14,NA,NA,NA
"213",2020-07-01,1257,7.7,1.6,23.8,27.3,11.9,13.8,NA,NA,NA,NA,NA,NA,40.8,45.3,13.9,NA,NA,NA
"214",2020-07-02,1256,7.9,1.7,23.6,27,11.9,14,8.5,23.5,26.3,11.9,14.6,1.9,40.6,45.6,13.8,40.1,46.6,13.3
"215",2020-07-03,1255,7.9,1.7,23.6,27,11.9,14,NA,NA,NA,NA,NA,NA,40.6,45.6,13.8,NA,NA,NA
"216",2020-07-04,1254,7.9,1.7,23.6,27,11.9,14,NA,NA,NA,NA,NA,NA,40.6,45.6,13.8,NA,NA,NA
"217",2020-07-05,1253,7.9,1.7,23.6,27,11.9,14,NA,NA,NA,NA,NA,NA,40.6,45.6,13.8,NA,NA,NA
"218",2020-07-06,1252,7.9,1.7,23.6,27,11.9,14,NA,NA,NA,NA,NA,NA,40.6,45.6,13.8,NA,NA,NA
"219",2020-07-07,1251,7.9,1.7,23.6,27,11.9,14,NA,NA,NA,NA,NA,NA,40.6,45.6,13.8,NA,NA,NA
"220",2020-07-08,1250,7.7,1.7,23.5,27.2,12,14,6.4,21.8,29.1,12.5,15,NA,40.8,45.3,13.9,NA,43.2,NA
"221",2020-07-09,1249,7.8,1.6,23.5,27.5,12,13.8,8.8,21.2,32.1,12.1,11.6,0.9,41.1,45.1,13.8,45.1,41.6,13.3
"222",2020-07-10,1248,7.8,1.6,23.5,27.4,12,13.9,8.6,22.9,26.6,11.2,15,1.9,41,45.1,13.9,39.7,46.5,13.8
"223",2020-07-11,1247,7.8,1.6,23.5,27.4,12,13.9,NA,NA,NA,NA,NA,NA,41,45.1,13.9,NA,NA,NA
"224",2020-07-12,1246,7.8,1.6,23.5,27.4,12,13.9,NA,NA,NA,NA,NA,NA,41,45.1,13.9,NA,NA,NA
"225",2020-07-13,1245,7.8,1.6,23.5,27.4,12,13.9,NA,NA,NA,NA,NA,NA,41,45.1,13.9,NA,NA,NA
"226",2020-07-14,1244,7.5,1.7,23.7,27.6,11.9,13.6,5.2,27.6,29.1,10.1,11.2,1.8,41.1,44.8,14.1,41,44,15
"227",2020-07-15,1243,7.5,1.7,23.7,27.6,11.9,13.6,NA,NA,NA,NA,NA,NA,41.1,44.8,14.1,NA,NA,NA
"228",2020-07-16,1242,7.5,1.7,23.6,27.6,11.9,13.6,NA,NA,NA,NA,NA,NA,41.2,44.7,14.1,NA,NA,NA
"229",2020-07-17,1241,7.5,1.7,23.7,27.7,11.9,13.6,7.2,23.7,27.7,12.4,12.9,1.9,41.3,44.7,14.1,42,43.8,14.2
"230",2020-07-17,1241,7.5,1.7,23.7,27.7,11.9,13.6,7.5,23.4,27.5,10.3,14.5,2.1,41.3,44.7,14.1,39.9,45.4,14.7
"231",2020-07-18,1240,7.4,1.7,23.7,27.6,11.9,13.6,5.5,25.2,26.4,10.7,14.9,2.1,41.2,44.7,14.1,39.2,45.6,15.2
"232",2020-07-19,1239,7.4,1.7,23.5,27.9,11.9,13.5,8.7,19.4,32.4,12.6,12.3,1.6,41.5,44.4,14.1,46.6,40.4,13
"233",2020-07-20,1238,7.4,1.7,23.5,27.9,11.9,13.5,NA,NA,NA,NA,NA,NA,41.5,44.4,14.1,NA,NA,NA
"234",2020-07-21,1237,7.5,1.7,23.5,27.8,11.9,13.5,NA,NA,NA,NA,NA,NA,41.4,44.5,14,NA,NA,NA
"235",2020-07-22,1236,7.5,1.7,23.5,27.8,11.9,13.5,NA,NA,NA,NA,NA,NA,41.4,44.5,14,NA,NA,NA
"236",2020-07-23,1235,7.5,1.7,23.5,27.8,11.9,13.5,NA,NA,NA,NA,NA,NA,41.4,44.5,14,NA,NA,NA
"237",2020-07-24,1234,7.5,1.7,23.4,27.9,11.8,13.6,7.9,21.4,29.1,11.9,14,NA,41.5,44.5,14.1,NA,43.3,NA
"238",2020-07-24,1234,7.5,1.7,23.4,27.9,11.8,13.6,7.9,22.7,29.1,9.9,14.1,2,41.5,44.5,14.1,41,44.7,14.3
"239",2020-07-25,1233,7.3,1.8,23.5,27.8,11.8,13.6,NA,NA,NA,NA,NA,NA,41.4,44.5,14.1,NA,NA,NA
"240",2020-07-26,1232,7.1,1.8,23.7,27.9,11.8,13.6,5.3,24.8,29.7,10.7,13,NA,41.4,44.4,14.1,NA,43.1,NA
"241",2020-07-27,1231,7.1,1.8,23.7,27.9,11.8,13.6,NA,NA,NA,NA,NA,NA,41.4,44.4,14.1,NA,NA,NA
"242",2020-07-28,1230,7.1,1.7,23.7,28,11.8,13.6,NA,NA,NA,NA,NA,NA,41.5,44.4,14.1,NA,NA,NA
"243",2020-07-29,1229,7.2,1.7,23.6,28.1,11.7,13.5,NA,NA,NA,NA,NA,NA,41.6,44.3,14.1,NA,NA,NA
"244",2020-07-30,1228,7.2,1.7,23.6,28.1,11.7,13.5,NA,NA,NA,NA,NA,NA,41.6,44.3,14.1,NA,NA,NA
"245",2020-07-31,1227,7,1.8,23.6,28.1,11.7,13.6,5.3,24.4,28.7,11.9,14.6,2.2,41.6,44.3,14.2,42.8,44.3,12.9
"246",2020-07-31,1227,7,1.8,23.6,28.1,11.7,13.6,7.7,23,28.9,10,14.2,1.9,41.6,44.3,14.2,40.8,44.9,14.3
"247",2020-08-01,1226,7,1.8,23.6,28.1,11.7,13.6,NA,NA,NA,NA,NA,NA,41.6,44.3,14.2,NA,NA,NA
"248",2020-08-02,1225,6.9,1.8,23.5,28.1,11.7,13.7,NA,NA,NA,NA,NA,NA,41.6,44.1,14.3,NA,NA,NA
"249",2020-08-03,1224,6.9,1.8,23.5,28.1,11.7,13.7,NA,NA,NA,NA,NA,NA,41.6,44.1,14.3,NA,NA,NA
"250",2020-08-04,1223,6.9,1.8,23.4,28.3,11.6,13.7,7.9,23.1,27.5,10.6,14.1,2.1,41.8,43.9,14.3,40.2,45.1,14.7
"251",2020-08-05,1222,6.9,1.8,23.4,28.3,11.6,13.7,NA,NA,NA,NA,NA,NA,41.8,43.9,14.3,NA,NA,NA
"252",2020-08-06,1221,6.8,1.9,23.4,28.3,11.6,13.7,6.3,22.9,29.2,11.4,13.5,NA,41.8,43.8,14.4,NA,42.7,NA
"253",2020-08-06,1221,6.8,1.9,23.4,28.3,11.6,13.7,7.7,23,26.8,11.6,14.1,2.1,41.8,43.8,14.4,40.5,44.8,14.7
"254",2020-08-07,1220,6.8,1.9,23.4,28.3,11.6,13.7,NA,NA,NA,NA,NA,NA,41.8,43.8,14.4,NA,NA,NA
"255",2020-08-08,1219,6.8,1.9,23.4,28.3,11.6,13.7,NA,NA,NA,NA,NA,NA,41.8,43.8,14.4,NA,NA,NA
"256",2020-08-09,1218,6.8,1.9,23.4,28.3,11.6,13.7,NA,NA,NA,NA,NA,NA,41.8,43.8,14.4,NA,NA,NA
"257",2020-08-10,1217,6.8,1.9,23.4,28.3,11.6,13.7,NA,NA,NA,NA,NA,NA,41.8,43.8,14.4,NA,NA,NA
"258",2020-08-11,1216,6.7,1.8,23.4,28.5,11.4,13.7,NA,NA,NA,NA,NA,NA,41.7,43.8,14.5,NA,NA,NA
"259",2020-08-12,1215,6.5,1.8,23.5,28.6,11.4,13.6,NA,NA,NA,NA,NA,NA,41.8,43.6,14.6,NA,NA,NA
"260",2020-08-13,1214,6.5,1.9,23.4,28.5,11.4,13.6,7.2,22.9,26.7,11.5,14.7,2.1,41.8,43.6,14.6,40.3,44.8,14.9
"261",2020-08-14,1213,6.5,1.9,23.4,28.5,11.4,13.6,NA,NA,NA,NA,NA,NA,41.8,43.6,14.6,NA,NA,NA
"262",2020-08-15,1212,6.5,1.9,23.4,28.5,11.4,13.6,NA,NA,NA,NA,NA,NA,41.8,43.6,14.6,NA,NA,NA
"263",2020-08-16,1211,6.5,1.9,23.4,28.5,11.4,13.6,NA,NA,NA,NA,NA,NA,41.8,43.6,14.6,NA,NA,NA
"264",2020-08-17,1210,6.5,1.9,23.4,28.6,11.4,13.6,NA,NA,NA,NA,NA,NA,41.9,43.5,14.6,NA,NA,NA
"265",2020-08-18,1209,6.5,1.9,23.4,28.6,11.4,13.6,NA,NA,NA,NA,NA,NA,41.9,43.5,14.6,NA,NA,NA
"266",2020-08-19,1208,6.5,1.9,23.4,28.6,11.4,13.6,NA,NA,NA,NA,NA,NA,41.9,43.5,14.6,NA,NA,NA
"267",2020-08-20,1207,6.5,1.9,23.4,28.6,11.4,13.6,NA,NA,NA,NA,NA,NA,41.9,43.5,14.6,NA,NA,NA
"268",2020-08-21,1206,6.8,1.8,23.2,28.5,11.4,13.8,9.5,20.2,28.7,11.4,15.9,1.2,41.8,43.7,14.5,41.3,45.6,13.1
"269",2020-08-21,1206,6.8,1.8,23.2,28.5,11.4,13.8,7.4,22.1,27.2,11.2,15.3,2.1,41.8,43.7,14.5,40.5,44.8,14.7
"270",2020-08-22,1205,6.8,1.8,23.2,28.5,11.4,13.8,NA,NA,NA,NA,NA,NA,41.8,43.7,14.5,NA,NA,NA
"271",2020-08-23,1204,6.9,1.8,23.2,28.5,11.3,13.7,NA,NA,NA,NA,NA,NA,41.7,43.8,14.5,NA,NA,NA
"272",2020-08-24,1203,6.6,1.9,23.3,28.3,11.3,13.9,NA,NA,NA,NA,NA,NA,41.5,43.8,14.7,NA,NA,NA
"273",2020-08-25,1202,6.6,1.9,23.3,28.4,11.3,13.8,NA,NA,NA,NA,NA,NA,41.6,43.8,14.6,NA,NA,NA
"274",2020-08-26,1201,6.6,1.9,23.3,28.4,11.3,13.8,NA,NA,NA,NA,NA,NA,41.6,43.8,14.6,NA,NA,NA
"275",2020-08-27,1200,6.6,1.9,23.2,28.3,11.3,13.9,7.5,21.4,27.4,11.5,15.8,2.1,41.6,43.8,14.7,41,44.7,14.3
"276",2020-08-28,1199,6.6,1.9,23.2,28.3,11.3,13.9,NA,NA,NA,NA,NA,NA,41.6,43.8,14.7,NA,NA,NA
"277",2020-08-29,1198,6.8,2,22.9,28.2,11.3,14.2,5.7,24.7,26.9,10.7,15,2.4,41.5,43.9,14.6,40,45.4,14.6
"278",2020-08-30,1197,7,2,23.1,28.2,11.2,14.2,8.7,24.1,27.3,9.6,14.3,2.3,41.4,44.3,14.3,39.2,47.1,13.7
"279",2020-08-31,1196,7,2,23.1,28.2,11.2,14.2,NA,NA,NA,NA,NA,NA,41.4,44.3,14.3,NA,NA,NA
"280",2020-09-01,1195,7,2,23,28.2,11.1,14.3,NA,NA,NA,NA,NA,NA,41.3,44.3,14.4,NA,NA,NA
"281",2020-09-02,1194,7.1,2,22.9,28.3,11.1,14.3,NA,NA,NA,NA,NA,NA,41.5,44.2,14.3,NA,NA,NA
"282",2020-09-03,1193,6.9,2.1,23,28.1,11,14.6,8.2,20.8,27.5,10.6,16.4,2.3,41.1,44.4,14.5,40.4,45.4,14.2
"283",2020-09-04,1192,6.9,2.1,23,28.1,11,14.6,NA,NA,NA,NA,NA,NA,41.1,44.4,14.5,NA,NA,NA
"284",2020-09-05,1191,6.9,2.1,23,28.1,11,14.6,NA,NA,NA,NA,NA,NA,41.1,44.4,14.5,NA,NA,NA
"285",2020-09-06,1190,6.8,1.9,23.1,28.1,11,14.5,6.2,25.3,28.9,12.1,13.5,0.9,41.1,44.4,14.5,41.9,45,13.1
"286",2020-09-07,1189,7.2,1.9,22.8,28.3,11.1,14.3,10.6,18.1,31.5,12.2,11.7,1.5,41.3,44.3,14.4,45.2,40.4,14.4
"287",2020-09-08,1188,7.1,1.9,22.9,28.2,11.1,14.3,NA,NA,NA,NA,NA,NA,41.2,44.4,14.4,NA,NA,NA
"288",2020-09-09,1187,7.1,1.9,22.9,28.2,11.1,14.3,NA,NA,NA,NA,NA,NA,41.2,44.4,14.4,NA,NA,NA
"289",2020-09-10,1186,7.5,1.9,22.6,28,11.2,14.4,NA,NA,NA,NA,NA,NA,41.1,44.6,14.3,NA,NA,NA
"290",2020-09-11,1185,7.2,1.9,22.5,28,11.2,14.6,7.3,22.4,28.6,11.3,14.5,NA,41.2,44.4,14.4,NA,44.2,NA
"291",2020-09-11,1185,7.2,1.9,22.5,28,11.2,14.6,8.6,20.3,27,11.1,16.6,2.2,41.2,44.4,14.4,40.3,45.5,14.2
"292",2020-09-11,1185,7.2,1.9,22.5,28,11.2,14.6,6.1,22.1,28.1,12.3,15.8,NA,41.2,44.4,14.4,NA,44,NA
"293",2020-09-12,1184,7.2,1.9,22.5,28,11.2,14.6,NA,NA,NA,NA,NA,NA,41.2,44.4,14.4,NA,NA,NA
"294",2020-09-13,1183,7.2,1.9,22.5,28,11.2,14.6,NA,NA,NA,NA,NA,NA,41.2,44.4,14.4,NA,NA,NA
"295",2020-09-14,1182,7.2,1.9,22.5,28,11.2,14.6,NA,NA,NA,NA,NA,NA,41.2,44.4,14.4,NA,NA,NA
"296",2020-09-15,1181,7.5,1.9,22.5,28,11.2,14.6,NA,NA,NA,NA,NA,NA,41.1,44.6,14.3,NA,NA,NA
"297",2020-09-16,1180,7.5,1.9,22.5,28,11.2,14.6,NA,NA,NA,NA,NA,NA,41.1,44.6,14.3,NA,NA,NA
"298",2020-09-17,1179,7.2,1.9,22.5,28.1,11.1,14.8,5.7,21,28.3,10.2,17.5,NA,41.1,44.5,14.4,NA,44.2,NA
"299",2020-09-18,1178,7.2,1.9,22.5,28.1,11.1,14.8,7.7,22.8,27.7,11.4,14.7,1.9,41.1,44.6,14.3,41,45.2,13.8
"300",2020-09-19,1177,7.2,1.9,22.5,27.9,11.3,15,6.5,23.5,25.7,13.2,15.3,1.6,41.1,44.7,14.3,40.5,45.3,14.2
"301",2020-09-19,1177,7.2,1.9,22.5,27.9,11.3,15,8.7,20.1,27.3,11.1,16.6,2.2,41.1,44.7,14.3,40.6,45.4,14
"302",2020-09-19,1177,7.2,1.9,22.5,27.9,11.3,15,6.3,24.1,26.8,11.3,15.2,2.4,41.1,44.7,14.3,40.5,45.6,13.9
"303",2020-09-20,1176,7.4,1.9,22.5,27.8,11.2,14.9,8.8,24,25.8,10.8,13.7,NA,41,44.8,14.2,NA,46.5,NA
"304",2020-09-21,1175,7.5,1.9,22.4,27.8,11.2,15,NA,NA,NA,NA,NA,NA,40.9,45,14.1,NA,NA,NA
"305",2020-09-22,1174,7.5,1.9,22.4,27.8,11.2,15,NA,NA,NA,NA,NA,NA,40.9,45,14.1,NA,NA,NA
"306",2020-09-23,1173,7.5,1.9,22.4,27.8,11.2,15,NA,NA,NA,NA,NA,NA,40.9,45,14.1,NA,NA,NA
"307",2020-09-24,1172,7.5,1.9,22.4,27.8,11.2,15,NA,NA,NA,NA,NA,NA,40.9,45,14.1,NA,NA,NA
"308",2020-09-25,1171,7.5,1.9,22.3,27.8,11.2,15.1,7.7,21.8,29.1,11.6,14.6,NA,40.9,44.9,14.1,NA,44.1,NA
"309",2020-09-25,1171,7.5,1.9,22.3,27.8,11.2,15.1,8.4,20.2,27.4,10.9,16.9,2.3,40.9,44.9,14.1,40.6,45.5,13.9
"310",2020-09-26,1170,7.5,1.9,22.3,27.8,11.2,15.1,NA,NA,NA,NA,NA,NA,40.9,44.9,14.1,NA,NA,NA
"311",2020-09-27,1169,7.5,1.9,22.3,27.8,11.2,15.1,NA,NA,NA,NA,NA,NA,40.9,44.9,14.1,NA,NA,NA
"312",2020-09-28,1168,7.5,1.9,22.3,27.8,11.2,15.1,NA,NA,NA,NA,NA,NA,41,44.9,14.1,NA,NA,NA
"313",2020-09-29,1167,7.5,1.9,22.3,27.8,11.2,15.1,NA,NA,NA,NA,NA,NA,41,44.9,14.1,NA,NA,NA
"314",2020-09-30,1166,7.5,1.9,22.3,27.8,11.2,15.1,NA,NA,NA,NA,NA,NA,41,44.9,14.1,NA,NA,NA
"315",2020-10-01,1165,7.5,1.9,22.3,27.8,11.2,15.1,NA,NA,NA,NA,NA,NA,41,44.9,14.1,NA,NA,NA
"316",2020-10-02,1164,7.4,1.9,22.3,27.8,11.3,15.1,5.8,23.8,27.3,11.3,14.6,1.5,40.9,44.8,14.3,40.1,44.2,15.7
"317",2020-10-03,1163,7.4,1.9,22.3,27.7,11.3,15.1,8.3,20.7,27.1,11.4,16.4,2.2,40.9,44.8,14.3,40.7,45.4,13.9
"318",2020-10-04,1162,7.4,1.9,22.3,27.7,11.3,15.1,NA,NA,NA,NA,NA,NA,40.9,44.8,14.3,NA,NA,NA
"319",2020-10-05,1161,7.4,1.9,22.3,27.7,11.3,15.1,NA,NA,NA,NA,NA,NA,40.9,44.8,14.3,NA,NA,NA
"320",2020-10-06,1160,7.3,1.9,22.4,27.7,11.3,15.1,NA,NA,NA,NA,NA,NA,40.9,44.7,14.3,NA,NA,NA
"321",2020-10-07,1159,7.4,1.9,22.2,27.8,11.3,14.9,8.8,18.9,30.8,11.7,12.5,1.8,41,44.5,14.4,44.3,40.2,15.5
"322",2020-10-08,1158,7.4,1.9,22.2,27.8,11.3,14.9,NA,NA,NA,NA,NA,NA,41,44.5,14.4,NA,NA,NA
"323",2020-10-09,1157,7.3,1.9,22.1,27.8,11.3,15.1,7.4,22.7,28.8,11.1,15.1,NA,41,44.5,14.4,NA,45.2,NA
"324",2020-10-09,1157,7.3,1.9,22.1,27.8,11.3,15.1,7.9,20.7,27.1,11.5,16.7,2.2,41,44.5,14.4,40.8,45.3,13.9
"325",2020-10-09,1157,7.3,1.9,22.1,27.8,11.3,15.1,7.5,19.5,27.2,11,17.1,NA,41,44.5,14.4,NA,44.1,NA
"326",2020-10-10,1156,7.3,1.9,22.2,27.8,11.3,15,7.2,24.1,28.1,12.4,14,0.9,41,44.6,14.4,41.4,45.3,13.3
"327",2020-10-11,1155,7.3,1.9,22.2,27.8,11.3,15,NA,NA,NA,NA,NA,NA,41,44.6,14.4,NA,NA,NA
"328",2020-10-12,1154,7.3,1.8,22.2,27.8,11.3,15,NA,NA,NA,NA,NA,NA,41,44.6,14.4,NA,NA,NA
"329",2020-10-13,1153,7.3,1.8,22.2,27.8,11.3,15,NA,NA,NA,NA,NA,NA,41,44.6,14.4,NA,NA,NA
"330",2020-10-14,1152,7.3,1.9,22,27.6,11.5,15.2,5.5,17.4,21,14.7,19.7,4.1,41,44.5,14.5,39.8,42.6,17.6
"331",2020-10-15,1151,7.2,1.9,21.8,27.6,11.6,15.2,NA,NA,NA,NA,NA,NA,41.1,44.3,14.7,NA,NA,NA
"332",2020-10-16,1150,7.2,1.9,21.8,27.6,11.6,15.3,7.7,20.4,27,11.6,17,2.3,41.1,44.3,14.7,40.9,45.1,14
"333",2020-10-17,1149,7.2,2,21.9,27.5,11.5,15.4,7.1,22.8,26.6,10.5,16.3,2.5,41,44.4,14.6,39.6,46.2,14.2
"334",2020-10-17,1149,7.2,2,21.9,27.5,11.5,15.4,6.3,23.6,27,11.4,15.6,NA,41,44.4,14.6,NA,45.5,NA
"335",2020-10-18,1148,7.2,2,21.9,27.5,11.5,15.4,NA,NA,NA,NA,NA,NA,41,44.4,14.6,NA,NA,NA
"336",2020-10-19,1147,7.2,2,21.9,27.5,11.5,15.3,NA,NA,NA,NA,NA,NA,41,44.4,14.6,NA,NA,NA
"337",2020-10-20,1146,7.1,2,22,27.5,11.5,15.3,6.9,22.4,27.4,11.5,15.5,1.9,41,44.5,14.5,40.8,44.8,14.4
"338",2020-10-21,1145,7.1,2,22,27.5,11.5,15.3,NA,NA,NA,NA,NA,NA,41,44.5,14.5,NA,NA,NA
"339",2020-10-22,1144,7.2,2.1,21.8,27.4,11.5,15.5,7.5,20.2,27,11.6,17.4,2.3,41,44.5,14.5,40.9,45.1,14
"340",2020-10-23,1143,7,2,22.1,27.4,11.5,15.7,7.8,24.5,25,10.3,16.6,NA,40.9,44.8,14.4,NA,48.9,NA
"341",2020-10-23,1143,7,2,22.1,27.4,11.5,15.7,6.8,24,29.3,11.8,14.9,1,40.9,44.8,14.4,42.1,45.7,12.2
"342",2020-10-23,1143,7,2,22.1,27.4,11.5,15.7,6.1,23.1,26.9,12.6,15.7,NA,40.9,44.8,14.4,NA,44.9,NA
"343",2020-10-24,1142,7,2,22.1,27.4,11.5,15.7,NA,NA,NA,NA,NA,NA,40.9,44.8,14.4,NA,NA,NA
"344",2020-10-25,1141,7,2,22.1,27.4,11.5,15.7,NA,NA,NA,NA,NA,NA,40.9,44.8,14.4,NA,NA,NA
"345",2020-10-26,1140,7,2,22.1,27.4,11.5,15.7,NA,NA,NA,NA,NA,NA,40.9,44.8,14.4,NA,NA,NA
"346",2020-10-27,1139,7.1,2,22.1,27.3,11.5,15.7,NA,NA,NA,NA,NA,NA,40.8,44.9,14.3,NA,NA,NA
"347",2020-10-28,1138,7.1,2,22.1,27.3,11.5,15.7,NA,NA,NA,NA,NA,NA,40.8,44.9,14.3,NA,NA,NA
"348",2020-10-29,1137,7.1,2,22.1,27.3,11.5,15.7,NA,NA,NA,NA,NA,NA,40.8,44.9,14.3,NA,NA,NA
"349",2020-10-30,1136,7.1,2,22.1,27.3,11.5,15.7,7.3,23.2,28.5,11,14.7,NA,40.8,44.9,14.3,NA,45.2,NA
"350",2020-10-31,1135,7.1,2,22,27.3,11.5,15.8,7.4,20,26.9,11.6,17.6,2.3,40.8,44.9,14.3,40.8,45,14.2
"351",2020-11-01,1134,7.1,2,22,27.3,11.5,15.8,NA,NA,NA,NA,NA,NA,40.8,44.9,14.3,NA,NA,NA
"352",2020-11-02,1133,7.2,2,22,27.2,11.5,15.7,NA,NA,NA,NA,NA,NA,40.8,44.9,14.3,NA,NA,NA
"353",2020-11-03,1132,7.2,2,22,27.2,11.6,15.7,NA,NA,NA,NA,NA,NA,40.8,44.9,14.4,NA,NA,NA
"354",2020-11-04,1131,7.2,2,21.9,27.2,11.5,15.7,NA,NA,NA,NA,NA,NA,40.8,44.8,14.4,NA,NA,NA
"355",2020-11-05,1130,7.1,2,21.8,27.3,11.6,15.8,NA,NA,NA,NA,NA,NA,40.9,44.7,14.4,NA,NA,NA
"356",2020-11-06,1129,7.1,2,21.8,27.3,11.6,15.8,NA,NA,NA,NA,NA,NA,40.9,44.7,14.4,NA,NA,NA
"357",2020-11-07,1128,7.1,2.1,21.8,27.3,11.6,15.9,7.1,20.6,26.8,11.5,17.5,2.4,40.9,44.8,14.3,40.7,45.2,14.1
"358",2020-11-07,1128,7.1,2.1,21.8,27.3,11.6,15.9,7.2,23.2,26.8,11.5,15.9,2.1,40.9,44.8,14.3,40.4,46.3,13.3
"359",2020-11-08,1127,7.1,2.1,21.8,27.2,11.6,15.9,NA,NA,NA,NA,NA,NA,40.9,44.8,14.3,NA,NA,NA
"360",2020-11-09,1126,7.1,2.1,21.8,27.2,11.6,15.9,6.7,22.5,27.7,11.8,15.3,2.5,40.9,44.8,14.4,42,44.5,13.5
"361",2020-11-10,1125,7.1,2.1,21.8,27.2,11.6,15.9,NA,NA,NA,NA,NA,NA,40.8,44.8,14.4,NA,NA,NA
"362",2020-11-11,1124,6.9,2.1,21.8,27.3,11.6,15.9,5.1,20.5,29.2,11.5,15.7,NA,40.9,44.6,14.5,NA,41.3,NA
"363",2020-11-12,1123,7,2,21.7,27.4,11.6,15.7,9.5,18.6,30.4,11.4,13.2,1.8,41,44.5,14.5,43.6,41.3,15.1
"364",2020-11-13,1122,7,2.1,21.7,27.3,11.6,15.8,6.9,20.8,26.7,11.5,17.4,2.5,41,44.5,14.5,40.7,45.1,14.2
"365",2020-11-14,1121,7,2.1,21.7,27.3,11.6,15.8,NA,NA,NA,NA,NA,NA,41,44.5,14.5,NA,NA,NA
"366",2020-11-15,1120,7,2.1,21.7,27.3,11.6,15.8,NA,NA,NA,NA,NA,NA,41,44.5,14.5,NA,NA,NA
"367",2020-11-16,1119,7,2.1,21.7,27.3,11.6,15.8,NA,NA,NA,NA,NA,NA,41,44.5,14.5,NA,NA,NA
"368",2020-11-17,1118,7.1,2.1,21.6,27.4,11.5,15.9,NA,NA,NA,NA,NA,NA,41,44.6,14.4,NA,NA,NA
"369",2020-11-18,1117,7.1,2.1,21.7,27.4,11.5,15.8,NA,NA,NA,NA,NA,NA,41,44.6,14.4,NA,NA,NA
"370",2020-11-19,1116,7.1,2.1,21.7,27.4,11.5,15.8,NA,NA,NA,NA,NA,NA,41,44.6,14.4,NA,NA,NA
"371",2020-11-20,1115,7.2,2.1,21.7,27.2,11.5,15.9,8.9,23.5,23.6,9.8,17.2,NA,40.8,44.9,14.3,NA,49.6,NA
"372",2020-11-20,1115,7.2,2.1,21.7,27.2,11.5,15.9,6.4,21.1,27.2,11.7,17,2.5,40.8,44.9,14.3,41.4,44.5,14.1
"373",2020-11-21,1114,7.2,2.1,21.7,27.2,11.5,15.9,NA,NA,NA,NA,NA,NA,40.8,44.9,14.3,NA,NA,NA
"374",2020-11-22,1113,7.1,2.2,21.8,27.1,11.5,16.1,NA,NA,NA,NA,NA,NA,40.8,45,14.2,NA,NA,NA
"375",2020-11-23,1112,7.1,2.2,21.8,27.1,11.5,16.1,NA,NA,NA,NA,NA,NA,40.8,45,14.2,NA,NA,NA
"376",2020-11-24,1111,7.1,2.2,21.9,27.1,11.5,16.1,6.9,22.4,27.3,10.8,15.9,2.4,40.7,45.1,14.1,40.5,45.2,14.3
"377",2020-11-25,1110,7.1,2.3,21.8,27,11.4,16.2,NA,NA,NA,NA,NA,NA,40.8,45.1,14.1,NA,NA,NA
"378",2020-11-26,1109,7.1,2.3,21.8,27,11.4,16.2,NA,NA,NA,NA,NA,NA,40.8,45.1,14.1,NA,NA,NA
"379",2020-11-27,1108,7.1,2.2,21.8,27,11.5,16.3,6.6,21.4,27.2,11.8,17.4,1.5,40.7,45.2,14.1,40.5,45.4,14.1
"380",2020-11-28,1107,7.1,2.2,21.8,27,11.5,16.3,NA,NA,NA,NA,NA,NA,40.7,45.2,14.1,NA,NA,NA
"381",2020-11-29,1106,7.2,2.1,22,27.3,11.3,16.1,NA,NA,NA,NA,NA,NA,40.8,45.3,13.9,NA,NA,NA
"382",2020-11-30,1105,7.2,2.1,22,27.3,11.3,16.1,NA,NA,NA,NA,NA,NA,40.8,45.3,13.9,NA,NA,NA
"383",2020-12-01,1104,7.2,2.1,22,27.3,11.3,16.1,NA,NA,NA,NA,NA,NA,40.7,45.3,13.9,NA,NA,NA
"384",2020-12-02,1103,7.3,2.1,21.9,27.4,11.3,16.1,NA,NA,NA,NA,NA,NA,40.8,45.3,13.9,NA,NA,NA
"385",2020-12-03,1102,7.3,2.1,21.9,27.4,11.3,16.1,NA,NA,NA,NA,NA,NA,40.8,45.3,13.9,NA,NA,NA
"386",2020-12-04,1101,7.3,2.1,21.9,27.4,11.3,16.1,NA,NA,NA,NA,NA,NA,40.8,45.3,13.9,NA,NA,NA
"387",2020-12-05,1100,7.2,2,21.8,27.4,11.4,16.2,5.3,23.8,26.2,13,15.9,NA,40.9,45.3,13.9,NA,45,NA
"388",2020-12-05,1100,7.2,2,21.8,27.4,11.4,16.2,6.4,21.6,27.2,11.9,17.2,1.5,40.9,45.3,13.9,40.6,45.2,14.2
"389",2020-12-05,1100,7.2,2,21.8,27.4,11.4,16.2,8.4,20.7,28.4,11.1,17.2,NA,40.9,45.3,13.9,NA,46.3,NA
"390",2020-12-06,1099,7.2,2,21.8,27.4,11.4,16.2,NA,NA,NA,NA,NA,NA,40.9,45.3,13.9,NA,NA,NA
"391",2020-12-07,1098,7.2,1.9,22.1,27.5,11.4,16,7,25.5,28.5,12.1,13.4,0.8,40.8,45.3,13.9,41.4,45.9,12.7
"392",2020-12-08,1097,7.3,2,21.9,27.5,11.4,16,NA,NA,NA,NA,NA,NA,40.9,45.2,13.9,NA,NA,NA
"393",2020-12-09,1096,7.5,2,21.7,27.5,11.4,15.9,10.5,19.2,29.5,10.8,14,2.4,41,45.1,13.9,42.7,43.7,13.6
"394",2020-12-09,1096,7.5,2,21.7,27.5,11.4,15.9,7.7,19.9,27.9,11.6,16.2,NA,41,45.1,13.9,NA,43.8,NA
"395",2020-12-10,1095,7.5,2,21.7,27.5,11.4,15.9,NA,NA,NA,NA,NA,NA,41,45.1,13.9,NA,NA,NA
"396",2020-12-11,1094,7.5,2,21.7,27.5,11.4,15.9,6.3,21.8,27.5,11.6,17,1.5,40.9,45.2,13.9,40.6,45.1,14.3
"397",2020-12-12,1093,7.5,2,21.7,27.5,11.4,15.9,NA,NA,NA,NA,NA,NA,40.9,45.2,13.9,NA,NA,NA
"398",2020-12-13,1092,7.5,2,21.7,27.5,11.4,15.9,NA,NA,NA,NA,NA,NA,40.9,45.2,13.9,NA,NA,NA
"399",2020-12-14,1091,7.5,1.9,21.9,27.5,11.3,15.7,7.1,25.2,28,9.5,13.1,1.4,40.8,45.2,14,38.9,45.4,15.7
"400",2020-12-15,1090,7.5,2,21.9,27.4,11.4,15.7,6.5,23.3,27.1,12,14.9,2.7,40.8,45.1,14.1,41.8,44.7,13.5
"401",2020-12-16,1089,7.5,2,22,27.4,11.4,15.6,NA,NA,NA,NA,NA,NA,40.8,45.1,14.1,NA,NA,NA
"402",2020-12-17,1088,7.5,1.9,22,27.3,11.3,15.8,8.2,22.9,24,10.4,17.4,NA,40.6,45.3,14.1,NA,48.5,NA
"403",2020-12-17,1088,7.5,1.9,22,27.3,11.3,15.8,6.5,22.3,27.3,11.4,16.6,1.6,40.6,45.3,14.1,40.3,45.4,14.3
"404",2020-12-18,1087,7.5,1.9,22.1,27.3,11.3,15.8,7.7,23,27.4,10.2,16.1,NA,40.5,45.4,14.1,NA,46.8,NA
"405",2020-12-19,1086,7.5,1.9,22.1,27.3,11.3,15.8,NA,NA,NA,NA,NA,NA,40.5,45.4,14.1,NA,NA,NA
"406",2020-12-20,1085,7.5,1.9,22.1,27.3,11.3,15.8,NA,NA,NA,NA,NA,NA,40.5,45.4,14.1,NA,NA,NA
"407",2020-12-21,1084,7.5,1.9,22.1,27.3,11.3,15.8,NA,NA,NA,NA,NA,NA,40.5,45.4,14.1,NA,NA,NA
"408",2020-12-22,1083,7.5,1.9,22.1,27.3,11.3,15.8,NA,NA,NA,NA,NA,NA,40.5,45.4,14.1,NA,NA,NA
"409",2020-12-23,1082,7.5,1.9,22.1,27.3,11.3,15.7,NA,NA,NA,NA,NA,NA,40.5,45.4,14.1,NA,NA,NA
"410",2020-12-24,1081,7.5,1.9,22.2,27.4,11.3,15.7,7.5,22.8,27,11.1,15.6,2.3,40.5,45.4,14,40.4,45.9,13.7
"411",2020-12-25,1080,7.6,1.9,22.3,27.4,11.2,15.7,6.7,22.7,27.4,11.3,16.3,1.7,40.5,45.6,13.9,40.4,45.7,13.9
"412",2020-12-26,1079,7.6,1.9,22.3,27.4,11.2,15.7,NA,NA,NA,NA,NA,NA,40.5,45.6,13.9,NA,NA,NA
"413",2020-12-27,1078,7.8,1.9,22.3,27.3,11.2,15.7,NA,NA,NA,NA,NA,NA,40.4,45.8,13.8,NA,NA,NA
"414",2020-12-28,1077,7.7,1.9,22.4,27.2,11.2,15.9,NA,NA,NA,NA,NA,NA,40.3,46,13.7,NA,NA,NA
"415",2020-12-29,1076,7.7,1.8,22.7,27.2,11.2,15.7,7.6,25.2,27.9,10.8,13.5,1,40.2,46,13.8,39.7,46.3,14
"416",2020-12-30,1075,7.7,1.8,22.7,27.2,11.2,15.7,6.7,24.3,26.2,11.7,15.2,2.2,40.2,46,13.8,40.1,46.2,13.7
"417",2020-12-31,1074,7.7,1.8,22.7,27.2,11.2,15.7,NA,NA,NA,NA,NA,NA,40.2,46,13.8,NA,NA,NA
"418",2021-01-01,1073,7.7,1.8,22.7,27.2,11.2,15.7,NA,NA,NA,NA,NA,NA,40.2,46,13.8,NA,NA,NA
"419",2021-01-02,1072,7.7,1.8,22.7,27.2,11.2,15.7,6.8,23,27.3,11.2,16,1.7,40.2,46,13.8,40.2,45.8,14
"420",2021-01-03,1071,7.7,1.8,22.7,27.2,11.2,15.7,NA,NA,NA,NA,NA,NA,40.2,46,13.8,NA,NA,NA
"421",2021-01-04,1070,7.7,1.8,22.7,27.2,11.2,15.7,NA,NA,NA,NA,NA,NA,40.2,46,13.8,NA,NA,NA
"422",2021-01-05,1069,7.5,1.8,22.8,27.3,11.2,15.6,6.7,22.9,26.7,10.5,16.7,2.5,40.3,45.9,13.8,39.7,46.3,14
"423",2021-01-06,1068,7.5,1.8,22.8,27.3,11.2,15.6,NA,NA,NA,NA,NA,NA,40.3,45.9,13.8,NA,NA,NA
"424",2021-01-07,1067,7.5,1.8,22.8,27.3,11.2,15.6,NA,NA,NA,NA,NA,NA,40.3,45.9,13.8,NA,NA,NA
"425",2021-01-08,1066,7.5,1.8,22.8,27.3,11.2,15.6,NA,NA,NA,NA,NA,NA,40.3,45.9,13.8,NA,NA,NA
"426",2021-01-09,1065,7.5,1.8,22.8,27.3,11.2,15.6,6.9,22.8,27.2,11.2,16.1,1.7,40.3,45.9,13.8,40.1,45.8,14.1
"427",2021-01-10,1064,7.5,1.8,22.8,27.3,11.1,15.6,6.6,24.6,26.7,9.6,14.2,NA,40.2,45.9,13.9,NA,45.4,NA
"428",2021-01-11,1063,7.5,1.8,22.8,27.3,11.1,15.6,NA,NA,NA,NA,NA,NA,40.2,45.9,13.9,NA,NA,NA
"429",2021-01-12,1062,7.5,1.8,22.9,27.3,11.1,15.5,NA,NA,NA,NA,NA,NA,40.2,45.9,14,NA,NA,NA
"430",2021-01-13,1061,7.5,1.8,22.9,27.3,11.1,15.5,8.9,21.1,26.3,10.7,15.2,2.6,40.2,45.9,14,39.6,45.2,15.2
"431",2021-01-14,1060,7.4,1.8,22.9,27.3,11.2,15.5,5.2,24.4,26.4,12.5,15.6,NA,40.2,45.8,14,NA,45.2,NA
"432",2021-01-15,1059,7.4,1.9,22.9,27.2,11.2,15.5,6.7,23.7,27,11.8,14.8,2.5,40.3,45.7,14,41.3,45.2,13.5
"433",2021-01-15,1059,7.4,1.9,22.9,27.2,11.2,15.5,7.1,23.1,27.2,11.1,15.8,1.7,40.3,45.7,14,40,46,14
"434",2021-01-16,1058,7.4,1.9,22.9,27.2,11.2,15.5,NA,NA,NA,NA,NA,NA,40.3,45.7,14,NA,NA,NA
"435",2021-01-17,1057,7.4,1.9,22.9,27.2,11.2,15.5,NA,NA,NA,NA,NA,NA,40.3,45.7,14,NA,NA,NA
"436",2021-01-18,1056,7.4,1.9,22.9,27.2,11.2,15.5,NA,NA,NA,NA,NA,NA,40.3,45.7,14,NA,NA,NA
"437",2021-01-19,1055,7.4,1.9,22.9,27.2,11.2,15.5,NA,NA,NA,NA,NA,NA,40.3,45.7,14,NA,NA,NA
"438",2021-01-20,1054,7.4,1.9,23,27.2,11.1,15.3,NA,NA,NA,NA,NA,NA,40.1,45.7,14.1,NA,NA,NA
"439",2021-01-21,1053,7.4,1.9,23,27.2,11.1,15.3,NA,NA,NA,NA,NA,NA,40.1,45.7,14.1,NA,NA,NA
"440",2021-01-22,1052,7.4,2,22.9,27.1,11,15.5,7.3,23.2,27.1,11,15.6,1.7,40,45.8,14.1,39.8,46.1,14.1
"441",2021-01-22,1052,7.4,2,22.9,27.1,11,15.5,7,23.2,27,10.2,16.9,NA,40,45.8,14.1,NA,47.1,NA
"442",2021-01-23,1051,7.4,2,22.9,27.1,11,15.5,NA,NA,NA,NA,NA,NA,40,45.8,14.1,NA,NA,NA
"443",2021-01-24,1050,7.2,1.9,23.2,27,11,15.6,NA,NA,NA,NA,NA,NA,39.9,45.9,14.2,NA,NA,NA
"444",2021-01-25,1049,7.3,1.9,23.1,27.1,11,15.4,9.3,20.5,30.7,10.7,13,1.5,40,45.8,14.2,42.9,42.8,14.3
"445",2021-01-26,1048,7.3,1.9,23.1,27.1,11,15.3,NA,NA,NA,NA,NA,NA,39.9,45.8,14.2,NA,NA,NA
"446",2021-01-27,1047,7.3,1.9,23.1,27.1,11,15.3,NA,NA,NA,NA,NA,NA,39.9,45.8,14.2,NA,NA,NA
"447",2021-01-28,1046,7.3,1.9,23.1,27.1,11,15.3,NA,NA,NA,NA,NA,NA,39.9,45.8,14.2,NA,NA,NA
"448",2021-01-29,1045,7.3,1.9,23.1,27,11,15.5,7.3,23.4,27,11,15.4,1.8,40,45.9,14.1,39.8,46.1,14.1
"449",2021-01-30,1044,7.4,1.9,23.1,27.1,10.9,15.5,NA,NA,NA,NA,NA,NA,39.9,46,14.1,NA,NA,NA
"450",2021-01-31,1043,7.4,1.9,23.1,27.1,10.9,15.5,NA,NA,NA,NA,NA,NA,39.9,46,14.1,NA,NA,NA
"451",2021-02-01,1042,7.3,1.9,23.2,27.2,10.9,15.3,NA,NA,NA,NA,NA,NA,40.1,45.8,14.1,NA,NA,NA
"452",2021-02-02,1041,7.3,1.9,23.2,27.3,11,15.3,NA,NA,NA,NA,NA,NA,40.1,45.7,14.1,NA,NA,NA
"453",2021-02-03,1040,7.3,1.9,23.2,27.3,11,15.3,NA,NA,NA,NA,NA,NA,40.1,45.7,14.1,NA,NA,NA
"454",2021-02-04,1039,7.3,1.9,23.2,27.3,11,15.3,NA,NA,NA,NA,NA,NA,40.1,45.7,14.1,NA,NA,NA
"455",2021-02-05,1038,7.3,1.9,23,27.4,10.9,15.4,9.2,18.8,28.8,10.3,16.9,2.2,40.2,45.7,14,41.3,44.9,13.8
"456",2021-02-06,1037,7.3,1.9,23,27.4,10.9,15.4,7.4,23.5,27.2,10.8,15.2,1.8,40.2,45.7,14.1,39.8,46.1,14.1
"457",2021-02-07,1036,7.3,1.9,23,27.4,10.9,15.4,NA,NA,NA,NA,NA,NA,40.2,45.7,14.1,NA,NA,NA
"458",2021-02-08,1035,7.3,1.9,23,27.3,10.9,15.4,NA,NA,NA,NA,NA,NA,40.1,45.7,14.2,NA,NA,NA
"459",2021-02-09,1034,7.3,1.9,23,27.3,10.9,15.3,NA,NA,NA,NA,NA,NA,40.1,45.6,14.2,NA,NA,NA
"460",2021-02-10,1033,7.3,1.9,23,27.3,10.9,15.3,NA,NA,NA,NA,NA,NA,40.1,45.6,14.2,NA,NA,NA
"461",2021-02-11,1032,7.5,1.9,22.8,27.5,10.9,15.2,9.3,18.8,30.7,11.2,13.6,1.7,40.2,45.5,14.3,43.6,41.7,14.7
"462",2021-02-12,1031,7.5,1.9,22.8,27.5,10.9,15.2,7.5,22.9,27.3,10.7,15.8,1.7,40.2,45.5,14.3,39.7,46.2,14.1
"463",2021-02-13,1030,7.4,2,22.7,27.4,10.9,15.3,NA,NA,NA,NA,NA,NA,40.3,45.4,14.3,NA,NA,NA
"464",2021-02-14,1029,7.4,1.9,22.6,27.5,10.9,15.3,NA,NA,NA,NA,NA,NA,40.3,45.4,14.3,NA,NA,NA
"465",2021-02-15,1028,7.4,1.9,22.6,27.5,10.9,15.3,NA,NA,NA,NA,NA,NA,40.3,45.4,14.3,NA,NA,NA
"466",2021-02-16,1027,7.4,1.9,22.6,27.6,10.8,15.4,5.6,21.6,29,10.2,17.9,1.7,40.3,45.4,14.2,40.9,45.1,14
"467",2021-02-17,1026,7.3,1.8,22.6,27.6,10.9,15.4,6.3,23.4,27.6,11.9,15.6,0.9,40.3,45.3,14.4,40.4,45.3,14.3
"468",2021-02-18,1025,7.3,1.8,22.6,27.6,10.9,15.4,NA,NA,NA,NA,NA,NA,40.3,45.3,14.4,NA,NA,NA
"469",2021-02-19,1024,7.3,1.8,22.6,27.6,10.9,15.4,NA,NA,NA,NA,NA,NA,40.3,45.3,14.4,NA,NA,NA
"470",2021-02-20,1023,7.4,1.8,22.4,27.7,10.9,15.5,5.6,20.9,29.4,10,18.4,1.7,40.4,45.3,14.3,41.1,44.9,14
"471",2021-02-21,1022,7.4,1.8,22.4,27.7,10.9,15.5,NA,NA,NA,NA,NA,NA,40.4,45.3,14.3,NA,NA,NA
"472",2021-02-22,1021,7,1.8,22.4,27.8,10.8,15.7,3.1,22.1,28.7,9.9,19.1,NA,40.4,45.1,14.5,NA,44.3,NA
"473",2021-02-23,1020,6.9,1.8,22.1,27.7,10.9,15.9,7.5,19.6,25.4,12.5,18.1,NA,40.4,45,14.6,NA,45.2,NA
"474",2021-02-23,1020,6.9,1.8,22.1,27.7,10.9,15.9,4.6,22.3,28.3,10.1,18.2,2.6,40.4,45,14.6,41,45.1,13.9
"475",2021-02-24,1019,6.9,1.8,22.1,27.7,10.9,15.9,NA,NA,NA,NA,NA,NA,40.4,44.9,14.6,NA,NA,NA
"476",2021-02-25,1018,6.8,1.8,21.9,27.8,10.9,16.1,5.9,22.2,28.6,10.1,17.1,1.5,40.5,44.9,14.6,40.2,45.2,14.6
"477",2021-02-26,1017,6.8,1.8,21.9,27.8,10.9,16.1,NA,NA,NA,NA,NA,NA,40.5,44.9,14.6,NA,NA,NA
"478",2021-02-27,1016,6.8,1.8,21.9,27.8,10.9,16.2,5,20.8,29,10.5,19,1.7,40.6,45,14.5,41.2,44.8,14
"479",2021-02-28,1015,6.7,1.8,21.9,27.9,10.9,16.4,4.3,23.7,27.4,10.9,18,NA,40.6,44.9,14.5,NA,46,NA
"480",2021-03-01,1014,6.7,1.7,21.8,27.9,10.9,16.5,5.7,21.3,27.8,11.1,17.7,1.6,40.5,45,14.5,40.5,44.7,14.8
"481",2021-03-02,1013,6.7,1.7,21.7,28,10.8,16.6,NA,NA,NA,NA,NA,NA,40.6,45,14.5,NA,NA,NA
"482",2021-03-03,1012,6.6,1.6,21.8,28,10.8,16.7,5.4,22.9,27.2,11.7,17.4,0.9,40.4,45,14.6,39.8,45.7,14.5
"483",2021-03-04,1011,6.6,1.6,21.8,28,10.8,16.7,NA,NA,NA,NA,NA,NA,40.4,45,14.6,NA,NA,NA
"484",2021-03-05,1010,6.6,1.6,21.8,27.9,10.8,16.8,6.6,23.2,26.8,10.3,17.4,NA,40.4,45.2,14.5,NA,47.2,NA
"485",2021-03-05,1010,6.6,1.6,21.8,27.9,10.8,16.8,4.9,21.2,28.5,10.5,18.9,1.8,40.4,45.2,14.5,40.8,45,14.2
"486",2021-03-06,1009,6.6,1.6,21.8,27.9,10.8,16.8,NA,NA,NA,NA,NA,NA,40.4,45.2,14.5,NA,NA,NA
"487",2021-03-07,1008,6.6,1.6,21.8,27.9,10.8,16.8,NA,NA,NA,NA,NA,NA,40.4,45.2,14.5,NA,NA,NA
"488",2021-03-08,1007,6.6,1.6,21.8,27.9,10.8,16.8,NA,NA,NA,NA,NA,NA,40.4,45.2,14.5,NA,NA,NA
"489",2021-03-09,1006,6.5,1.7,21.5,28,10.8,16.9,7.6,17.5,27.1,11,18.5,2.7,40.5,45,14.5,40.8,43.6,15.6
"490",2021-03-10,1005,6.5,1.7,21.5,28,10.8,16.9,NA,NA,NA,NA,NA,NA,40.5,45,14.5,NA,NA,NA
"491",2021-03-11,1004,6.7,1.7,21.4,28.1,10.7,16.8,9.5,17.9,31.3,9.6,15,2,40.6,44.9,14.5,42.9,42.4,14.7
"492",2021-03-12,1003,6.5,1.7,21.4,28.1,10.8,17.1,NA,NA,NA,NA,NA,NA,40.5,45,14.5,NA,NA,NA
"493",2021-03-13,1002,6.5,1.7,21.4,28.1,10.7,17.1,2.5,23,29.9,9.9,18.1,1.9,40.6,45,14.4,41.7,43.6,14.7
"494",2021-03-14,1001,6.5,1.7,21.4,28.1,10.7,17.1,NA,NA,NA,NA,NA,NA,40.6,45,14.4,NA,NA,NA
"495",2021-03-15,1000,6.5,1.7,21.5,28.1,10.8,17.1,2.4,24.6,26.2,13.4,16.6,1.8,40.6,45.1,14.3,41.4,43.6,15
"496",2021-03-16,999,6.5,1.7,21.4,28.1,10.8,17.1,NA,NA,NA,NA,NA,NA,40.6,45.1,14.3,NA,NA,NA
"497",2021-03-17,998,6.5,1.7,21.4,28.1,10.8,17.1,NA,NA,NA,NA,NA,NA,40.6,45.1,14.3,NA,NA,NA
"498",2021-03-18,997,6.5,1.7,21.4,28.1,10.8,17.1,NA,NA,NA,NA,NA,NA,40.6,45.1,14.3,NA,NA,NA
"499",2021-03-19,996,6.4,1.7,21.5,28.1,10.7,17.2,4.4,23.9,28.4,9.8,18.6,NA,40.6,45.1,14.3,NA,46.9,NA
"500",2021-03-20,995,6.4,1.7,21.6,28,10.9,17.2,2.8,24.5,26.2,13.7,16.7,1.7,40.6,45.2,14.1,41.6,44,14.4
"501",2021-03-21,994,6.4,1.7,21.6,28,10.9,17.2,NA,NA,NA,NA,NA,NA,40.6,45.2,14.1,NA,NA,NA
"502",2021-03-22,993,6.4,1.7,21.6,28,10.9,17.2,NA,NA,NA,NA,NA,NA,40.6,45.2,14.1,NA,NA,NA
"503",2021-03-23,992,6.3,1.7,21.7,28,10.9,17.2,NA,NA,NA,NA,NA,NA,40.6,45.2,14.2,NA,NA,NA
"504",2021-03-24,991,6.3,1.7,21.6,28,10.9,17.3,NA,NA,NA,NA,NA,NA,40.6,45.2,14.2,NA,NA,NA
"505",2021-03-25,990,6.3,1.7,21.6,28,10.9,17.3,NA,NA,NA,NA,NA,NA,40.6,45.2,14.2,NA,NA,NA
"506",2021-03-26,989,6.3,1.7,21.8,27.9,11,17.3,3.2,24.5,26.4,13.4,16.6,1.7,40.7,45.3,14,41.5,44.3,14.2
"507",2021-03-27,988,6.3,1.7,21.8,27.9,11,17.3,NA,NA,NA,NA,NA,NA,40.7,45.3,14,NA,NA,NA
"508",2021-03-28,987,6.3,1.7,21.8,27.9,11,17.3,NA,NA,NA,NA,NA,NA,40.7,45.3,14,NA,NA,NA
"509",2021-03-29,986,6.1,1.7,21.9,27.9,11,17.5,NA,NA,NA,NA,NA,NA,40.6,45.4,14,NA,NA,NA
"510",2021-03-30,985,6.1,1.7,21.8,27.9,11,17.5,NA,NA,NA,NA,NA,NA,40.6,45.5,13.9,NA,NA,NA
"511",2021-03-31,984,6,1.7,21.9,27.8,11.1,17.5,4,24.8,26.6,11.5,17.4,2.5,40.6,45.4,13.9,40.6,46.2,13.2
"512",2021-04-01,983,6,1.7,21.9,27.8,11.1,17.5,NA,NA,NA,NA,NA,NA,40.6,45.4,13.9,NA,NA,NA
"513",2021-04-02,982,6,1.7,22,27.7,11.2,17.5,3.7,24.1,26.5,13,16.8,1.7,40.7,45.5,13.8,41.2,44.6,14.2
"514",2021-04-03,981,6,1.7,22,27.7,11.2,17.5,NA,NA,NA,NA,NA,NA,40.6,45.5,13.8,NA,NA,NA
"515",2021-04-04,980,5.9,1.8,22,27.7,11.2,17.6,NA,NA,NA,NA,NA,NA,40.7,45.5,13.8,NA,NA,NA
"516",2021-04-05,979,5.9,1.8,22,27.7,11.2,17.6,NA,NA,NA,NA,NA,NA,40.7,45.5,13.8,NA,NA,NA
"517",2021-04-06,978,5.9,1.8,22,27.7,11.2,17.6,NA,NA,NA,NA,NA,NA,40.7,45.5,13.8,NA,NA,NA
"518",2021-04-07,977,5.9,1.8,22,27.7,11.2,17.6,NA,NA,NA,NA,NA,NA,40.7,45.5,13.8,NA,NA,NA
"519",2021-04-08,976,5.9,1.8,22,27.7,11.2,17.6,NA,NA,NA,NA,NA,NA,40.7,45.5,13.8,NA,NA,NA
"520",2021-04-09,975,6.2,1.8,22.2,27.5,11.4,17.5,3.9,24.1,26.2,12.8,17,1.7,40.7,45.8,13.6,40.7,45,14.3
"521",2021-04-10,974,6.2,1.8,22.4,27.6,11.4,17.4,NA,NA,NA,NA,NA,NA,40.7,45.9,13.4,NA,NA,NA
"522",2021-04-11,973,6.1,1.8,22.4,27.6,11.4,17.4,NA,NA,NA,NA,NA,NA,40.7,45.9,13.4,NA,NA,NA
"523",2021-04-12,972,6.1,1.8,22.5,27.5,11.4,17.4,NA,NA,NA,NA,NA,NA,40.7,46,13.3,NA,NA,NA
"524",2021-04-13,971,5.8,1.8,22.6,27.6,11.4,17.4,3.8,22.9,27.9,11.1,17.6,2.6,40.8,45.8,13.4,41.6,44.3,14.1
"525",2021-04-14,970,5.8,1.9,22.6,27.7,11.3,17.2,6.7,20.6,31.5,10.7,15.4,1.9,40.9,45.6,13.5,44.1,42.7,13.2
"526",2021-04-15,969,5.9,1.9,22.6,27.7,11.3,17.1,NA,NA,NA,NA,NA,NA,40.9,45.6,13.4,NA,NA,NA
"527",2021-04-16,968,5.6,1.9,23.1,27.7,11.1,16.9,4.5,27,28.7,9.2,14.5,2.3,40.8,45.6,13.6,40.2,46,13.8
"528",2021-04-16,968,5.6,1.9,23.1,27.7,11.1,16.9,3.6,24.5,28,9.3,18.3,NA,40.8,45.6,13.6,NA,46.4,NA
"529",2021-04-17,967,5.6,1.9,23.2,27.6,11.2,16.9,3.8,24.2,26.6,12.4,17.2,1.7,40.8,45.7,13.5,40.7,45.2,14.1
"530",2021-04-18,966,5.6,2,23.2,27.7,11.2,16.9,NA,NA,NA,NA,NA,NA,40.9,45.7,13.4,NA,NA,NA
"531",2021-04-19,965,5.6,2,23.2,27.7,11.2,16.9,NA,NA,NA,NA,NA,NA,40.9,45.7,13.4,NA,NA,NA
"532",2021-04-20,964,5.5,2,23.3,27.7,11.3,16.8,NA,NA,NA,NA,NA,NA,41,45.6,13.4,NA,NA,NA
"533",2021-04-21,963,5.5,2,23.3,27.7,11.3,16.8,NA,NA,NA,NA,NA,NA,41,45.6,13.4,NA,NA,NA
"534",2021-04-22,962,5.5,2,23.3,27.7,11.3,16.8,NA,NA,NA,NA,NA,NA,41,45.6,13.4,NA,NA,NA
"535",2021-04-23,961,5.5,2,23.3,27.7,11.3,16.8,NA,NA,NA,NA,NA,NA,41,45.6,13.4,NA,NA,NA
"536",2021-04-24,960,5.4,1.9,23.7,27.6,11.4,16.7,4,23.9,27,12.5,16.9,1.6,41,45.7,13.3,41.1,44.8,14.1
"537",2021-04-25,959,5.4,1.9,23.7,27.6,11.4,16.7,NA,NA,NA,NA,NA,NA,41,45.7,13.3,NA,NA,NA
"538",2021-04-26,958,4.6,1.9,24.1,27.4,11.6,16.8,NA,NA,NA,NA,NA,NA,41,45.5,13.4,NA,NA,NA
"539",2021-04-27,957,4.6,1.9,24.1,27.4,11.6,16.8,NA,NA,NA,NA,NA,NA,41,45.5,13.4,NA,NA,NA
"540",2021-04-28,956,4.6,1.9,24.1,27.4,11.7,16.8,NA,NA,NA,NA,NA,NA,41,45.5,13.5,NA,NA,NA
"541",2021-04-29,955,4.6,1.9,24.1,27.4,11.7,16.8,NA,NA,NA,NA,NA,NA,41,45.5,13.5,NA,NA,NA
"542",2021-04-30,954,4.6,1.9,24.1,27.4,11.6,16.8,NA,NA,NA,NA,NA,NA,41,45.5,13.5,NA,NA,NA
"543",2021-05-01,953,4.6,1.9,24.1,27.4,11.6,16.8,NA,NA,NA,NA,NA,NA,41,45.5,13.5,NA,NA,NA
"544",2021-05-02,952,4.6,1.9,24.1,27.4,11.7,16.8,4,24,27.1,12.3,16.9,1.7,41,45.5,13.5,41.1,44.9,14
"545",2021-05-03,951,4.6,1.9,24.1,27.4,11.7,16.8,NA,NA,NA,NA,NA,NA,41,45.5,13.5,NA,NA,NA
"546",2021-05-04,950,4.6,1.9,24.1,27.3,11.8,16.6,NA,NA,NA,NA,NA,NA,41.1,45.4,13.5,NA,NA,NA
"547",2021-05-05,949,4.6,1.9,24.1,27.4,11.6,16.6,NA,NA,NA,NA,NA,NA,41,45.4,13.6,NA,NA,NA
"548",2021-05-06,948,4.5,2.2,24.8,27.1,11.6,16.5,3.6,30.2,25.7,13,15.2,2,40.9,45.8,13.3,40.7,49,10.3
"549",2021-05-06,948,4.5,2.2,24.8,27.1,11.6,16.5,2.3,25.9,25.3,10.3,16.9,5.1,40.9,45.8,13.3,40.7,45.1,14.2
"550",2021-05-06,948,4.5,2.2,24.8,27.1,11.6,16.5,3.2,25.8,26.9,11.4,16.6,2.1,40.9,45.8,13.3,40.4,45.6,14
"551",2021-05-07,947,4.1,2.3,25,27.1,11.4,16.7,1.2,27.3,26.7,7.9,18.9,4.4,40.8,45.7,13.5,39,47.4,13.6
"552",2021-05-08,946,4,2.4,25,27,11.3,16.7,2.8,26.9,26.1,9.9,17.1,3.7,40.7,45.8,13.5,39.7,46.8,13.5
"553",2021-05-09,945,4,2.4,25,27,11.3,16.7,NA,NA,NA,NA,NA,NA,40.7,45.7,13.5,NA,NA,NA
"554",2021-05-10,944,4,2.4,25,27,11.3,16.7,NA,NA,NA,NA,NA,NA,40.7,45.8,13.5,NA,NA,NA
"555",2021-05-11,943,3.9,2.7,25.1,27,11.1,16.8,2.3,27.3,25.5,9,17.9,5.9,40.7,45.8,13.5,40.4,47.5,12.1
"556",2021-05-12,942,3.8,2.7,25.3,27,10.9,16.7,4,26.2,26,8.7,15.9,4,40.7,45.8,13.6,38.7,46.1,15.2
"557",2021-05-13,941,3.9,2.8,25.2,27,10.9,16.5,5.3,23.4,27.9,10.4,13.7,3.8,40.6,45.6,13.7,42.1,42.4,15.5
"558",2021-05-14,940,3.8,3,25.3,26.8,10.8,16.5,2.5,28.1,26,9.6,16.2,6,40.7,45.6,13.7,41.6,46.8,11.6
"559",2021-05-15,939,3.8,3,25.4,26.8,10.8,16.4,2.9,26.9,26.4,10.9,15.8,2.9,40.6,45.6,13.7,40.2,45.6,14.2
"560",2021-05-16,938,3.7,3.1,25.5,26.8,10.8,16.4,NA,NA,NA,NA,NA,NA,40.6,45.6,13.7,NA,NA,NA
"561",2021-05-17,937,3.7,3.1,25.8,26.8,10.7,16.3,3.1,30.7,26,10,15.7,4,40.6,45.9,13.6,40,49.5,10.5
"562",2021-05-18,936,3.7,3.3,26.2,26.6,10.5,16.1,3.3,30.5,25.4,8.3,13.8,4.1,40.4,46,13.6,37.8,47.6,14.6
"563",2021-05-19,935,3.7,3.3,26.2,26.6,10.5,16.1,NA,NA,NA,NA,NA,NA,40.4,46,13.6,NA,NA,NA
"564",2021-05-20,934,3.7,3.3,26.3,26.6,10.5,16.2,3.5,27,26.2,10.2,16.4,3.3,40.4,46.1,13.5,39.7,46.9,13.4
"565",2021-05-21,933,3.6,3.3,26.3,26.6,10.4,16.2,1.4,27.2,26.9,8.2,18.4,4.8,40.3,46.1,13.5,39.9,47,13.1
"566",2021-05-22,932,3.6,3.3,26.4,26.6,10.4,16.2,2.9,30,25.8,9.2,14.9,3.9,40.3,46.2,13.5,38.9,47.8,13.3
"567",2021-05-22,932,3.6,3.3,26.4,26.6,10.4,16.2,2.9,27.3,25.2,11,16.4,3.3,40.3,46.2,13.5,39.5,46.6,13.9
"568",2021-05-23,931,3.6,3.3,26.4,26.6,10.4,16.2,NA,NA,NA,NA,NA,NA,40.3,46.2,13.5,NA,NA,NA
"569",2021-05-24,930,3.6,3.4,26.5,26.5,10.3,16.2,3.4,28.1,24.5,9.3,16,5,40.2,46.3,13.5,38.8,47.5,13.7
"570",2021-05-25,929,3.6,3.5,26.6,26.5,10.2,16.2,NA,NA,NA,NA,NA,NA,40.2,46.3,13.5,NA,NA,NA
"571",2021-05-26,928,3.6,3.5,26.6,26.5,10.2,16.2,NA,NA,NA,NA,NA,NA,40.2,46.3,13.5,NA,NA,NA
"572",2021-05-27,927,3.6,3.5,26.6,26.5,10.2,16.2,NA,NA,NA,NA,NA,NA,40.2,46.3,13.5,NA,NA,NA
"573",2021-05-28,926,3.6,3.5,26.6,26.5,10.2,16.2,3,27.9,25.4,10.7,16.7,3.5,40.2,46.4,13.4,39.6,47.6,12.8
"574",2021-05-29,925,3.6,3.6,26.8,26.3,10.2,16.2,3.1,26.5,25.4,9.3,16.9,4,40.1,46.5,13.5,38.7,46.5,14.8
"575",2021-05-30,924,3.4,3.6,27,26.2,10.1,16.2,NA,NA,NA,NA,NA,NA,39.9,46.6,13.5,NA,NA,NA
"576",2021-05-31,923,3.4,3.6,27,26.2,10.1,16.2,NA,NA,NA,NA,NA,NA,39.9,46.6,13.5,NA,NA,NA
"577",2021-06-01,922,3.2,3.8,27.3,25.9,10.1,16.2,3.2,29.5,25,10.2,15.4,4.3,39.8,46.7,13.5,39.5,48.1,12.4
"578",2021-06-02,921,3.2,3.8,27.4,25.9,10.1,16.1,NA,NA,NA,NA,NA,NA,39.8,46.8,13.4,NA,NA,NA
"579",2021-06-03,920,3.2,3.9,27.4,25.9,10,16.1,2.7,28.7,25.5,8.6,15.8,5.2,39.8,46.8,13.4,39.3,47.2,13.5
"580",2021-06-04,919,3.2,3.9,27.5,25.9,10,16.2,3,27.9,25.4,10.4,16.8,3.5,39.8,46.8,13.4,39.3,47.7,13
"581",2021-06-05,918,3.2,3.9,27.5,25.9,10,16.2,NA,NA,NA,NA,NA,NA,39.8,46.8,13.4,NA,NA,NA
"582",2021-06-06,917,3.2,3.9,27.5,25.9,10,16.2,NA,NA,NA,NA,NA,NA,39.8,46.8,13.4,NA,NA,NA
"583",2021-06-07,916,3.2,3.9,27.5,25.9,10,16.2,NA,NA,NA,NA,NA,NA,39.8,46.8,13.4,NA,NA,NA
"584",2021-06-08,915,3.2,3.9,27.5,25.9,10,16.2,NA,NA,NA,NA,NA,NA,39.8,46.8,13.4,NA,NA,NA
"585",2021-06-09,914,3.2,4.1,27.6,25.7,9.9,16.2,3.4,27.1,23,9.3,17,6,39.7,47,13.4,38.3,47.5,14.2
"586",2021-06-10,913,3.2,4.1,27.8,25.7,9.9,16,2.9,30.7,25.5,9.2,12.4,4.5,39.7,46.9,13.4,39.2,46,14.8
"587",2021-06-11,912,3.2,4.1,27.8,25.7,9.9,16,3.1,28.4,25.3,10,16.2,3.9,39.6,46.9,13.4,39.2,47.7,13.1
"588",2021-06-12,911,3.2,4.1,27.8,25.7,9.9,16,NA,NA,NA,NA,NA,NA,39.6,46.9,13.4,NA,NA,NA
"589",2021-06-13,910,3.2,4.1,27.8,25.7,9.9,16,NA,NA,NA,NA,NA,NA,39.6,46.9,13.4,NA,NA,NA
"590",2021-06-14,909,3.2,4.1,27.8,25.7,9.9,16,NA,NA,NA,NA,NA,NA,39.6,46.9,13.4,NA,NA,NA
"591",2021-06-15,908,3.3,4.1,27.7,25.7,10,15.8,5.7,23.9,27.4,12,13,4.1,39.7,46.8,13.4,43.5,42.6,13.9
"592",2021-06-16,907,3.3,4.1,27.7,25.7,10,15.8,NA,NA,NA,NA,NA,NA,39.7,46.8,13.4,NA,NA,NA
"593",2021-06-17,906,3.3,4.1,27.7,25.6,9.9,15.8,NA,NA,NA,NA,NA,NA,39.7,46.9,13.4,NA,NA,NA
"594",2021-06-18,905,3.3,4.2,27.8,25.6,9.9,15.8,2.4,29.8,25.3,9.5,15.5,5.7,39.7,46.9,13.4,40.5,47.7,11.8
"595",2021-06-18,905,3.3,4.2,27.8,25.6,9.9,15.8,3,28.6,25.9,9.6,15.8,4,39.7,46.9,13.4,39.5,47.4,13.1
"596",2021-06-19,904,3.3,4.2,27.8,25.6,9.9,15.8,NA,NA,NA,NA,NA,NA,39.7,46.9,13.4,NA,NA,NA
"597",2021-06-20,903,3.3,4.2,27.8,25.6,9.9,15.8,NA,NA,NA,NA,NA,NA,39.7,46.9,13.4,NA,NA,NA
"598",2021-06-21,902,3.2,4.2,27.9,25.6,9.8,15.8,3,28.2,25.2,9.7,15.8,4.3,39.6,46.9,13.5,39.2,47,13.8
"599",2021-06-21,902,3.2,4.2,27.9,25.6,9.8,15.8,2.5,30.1,24.5,11.4,15.5,4.4,39.6,46.9,13.5,40.3,48.1,11.6
"600",2021-06-21,902,3.2,4.2,27.9,25.6,9.8,15.8,3.5,27.9,25.7,9.9,16,2.3,39.6,46.9,13.5,37.9,47.4,14.7
"601",2021-06-22,901,3.3,4.2,27.9,25.5,9.9,15.7,NA,NA,NA,NA,NA,NA,39.6,46.9,13.4,NA,NA,NA
"602",2021-06-23,900,3.3,4.2,28,25.5,9.9,15.6,NA,NA,NA,NA,NA,NA,39.6,46.9,13.4,NA,NA,NA
"603",2021-06-24,899,3.3,4.2,28,25.5,9.9,15.6,NA,NA,NA,NA,NA,NA,39.6,46.9,13.4,NA,NA,NA
"604",2021-06-25,898,3.3,4.2,28,25.5,9.9,15.6,NA,NA,NA,NA,NA,NA,39.6,46.9,13.4,NA,NA,NA
"605",2021-06-26,897,3.3,4.2,28.1,25.5,9.9,15.6,3,28.6,25.1,10,16.2,4.1,39.5,47,13.5,39.2,47.8,13
"606",2021-06-26,897,3.3,4.2,28.1,25.5,9.9,15.6,2.6,30.4,24.7,9,15.1,4.6,39.5,47,13.5,38.3,48.1,13.6
"607",2021-06-27,896,3.5,4.2,28.1,25.4,9.9,15.6,5.2,26.2,24.1,10.4,16.6,4.6,39.5,47.1,13.3,39.1,48,12.9
"608",2021-06-28,895,3.4,4.2,28.2,25.3,9.9,15.7,NA,NA,NA,NA,NA,NA,39.5,47.3,13.2,NA,NA,NA
"609",2021-06-29,894,3.4,4.2,28.3,25.3,9.9,15.7,NA,NA,NA,NA,NA,NA,39.4,47.4,13.2,NA,NA,NA
"610",2021-06-30,893,3.4,4.2,28.3,25.3,9.9,15.7,NA,NA,NA,NA,NA,NA,39.4,47.4,13.2,NA,NA,NA
"611",2021-07-01,892,3.4,4.3,28.4,25.3,9.9,15.6,2.8,30.2,24.3,9.1,15.5,5,39.5,47.4,13.2,38.4,48.5,13.1
"612",2021-07-01,892,3.4,4.3,28.4,25.3,9.9,15.6,2.5,29.4,25.9,10.5,14.4,5,39.5,47.4,13.2,41.4,46.3,12.3
"613",2021-07-02,891,3.3,4.3,28.3,25.3,9.9,15.7,1.5,28.3,25.9,8.9,18.1,4.4,39.4,47.3,13.3,39.2,47.9,12.9
"614",2021-07-02,891,3.3,4.3,28.3,25.3,9.9,15.7,3.1,28.4,24.9,10.1,16.3,4.2,39.4,47.3,13.3,39.2,47.8,13
"615",2021-07-03,890,3.3,4.3,28.2,25.3,9.9,15.8,NA,NA,NA,NA,NA,NA,39.5,47.3,13.2,NA,NA,NA
"616",2021-07-04,889,3.3,4.3,28.2,25.3,9.9,15.8,NA,NA,NA,NA,NA,NA,39.5,47.3,13.2,NA,NA,NA
"617",2021-07-05,888,3.2,4.3,28.3,25.2,9.9,15.8,NA,NA,NA,NA,NA,NA,39.5,47.3,13.3,NA,NA,NA
"618",2021-07-06,887,3.3,4.3,28.3,25.2,9.9,15.7,NA,NA,NA,NA,NA,NA,39.4,47.3,13.2,NA,NA,NA
"619",2021-07-07,886,3.3,4.4,28.3,25.1,9.9,15.7,NA,NA,NA,NA,NA,NA,39.5,47.3,13.2,NA,NA,NA
"620",2021-07-08,885,3.3,4.4,28.3,25.1,9.9,15.7,NA,NA,NA,NA,NA,NA,39.5,47.3,13.2,NA,NA,NA
"621",2021-07-09,884,3.3,4.4,28.3,25.2,10,15.7,NA,NA,NA,NA,NA,NA,39.5,47.3,13.2,NA,NA,NA
"622",2021-07-10,883,3.3,4.3,28.3,25.2,10,15.7,2.9,27.9,26,9.9,16.7,3.9,39.5,47.3,13.2,39.8,47.5,12.7
"623",2021-07-11,882,3.3,4.3,28.3,25.2,10,15.7,NA,NA,NA,NA,NA,NA,39.5,47.3,13.2,NA,NA,NA
"624",2021-07-12,881,3.2,4.3,28.3,25.1,10,15.8,2.4,26.9,23,12.1,17.4,3.5,39.5,47.3,13.3,38.6,46.7,14.7
"625",2021-07-13,880,3.2,4.3,28.3,25.1,10,15.7,NA,NA,NA,NA,NA,NA,39.5,47.3,13.3,NA,NA,NA
"626",2021-07-14,879,3.2,4.3,28.4,25.1,10,15.7,NA,NA,NA,NA,NA,NA,39.5,47.3,13.2,NA,NA,NA
"627",2021-07-15,878,3.4,4.3,28.2,25.3,10.1,15.4,3.9,26,27.3,10,13.1,3.8,39.7,47,13.4,41.1,43,15.9
"628",2021-07-15,878,3.4,4.3,28.2,25.3,10.1,15.4,5.5,23.4,28.6,10.6,13.6,3.7,39.7,47,13.4,42.9,42.5,14.6
"629",2021-07-16,877,3.3,4.3,28.1,25.3,10,15.6,2.7,29.8,25.9,9.2,15.3,3.7,39.6,47,13.4,38.8,47.8,13.4
"630",2021-07-16,877,3.3,4.3,28.1,25.3,10,15.6,1.4,28,26.2,9.3,17.7,4.5,39.6,47,13.4,40,47.1,12.9
"631",2021-07-16,877,3.3,4.3,28.1,25.3,10,15.6,2.9,27.7,25.4,10,17.3,3.8,39.6,47,13.4,39.2,47.9,12.9
"632",2021-07-17,876,3.3,4.3,28.2,25.3,10,15.6,2.3,30.3,24.5,9,15.4,4.9,39.6,47,13.3,38.4,48,13.6
"633",2021-07-18,875,3.3,4.3,28.2,25.3,10,15.6,NA,NA,NA,NA,NA,NA,39.6,47,13.3,NA,NA,NA
"634",2021-07-19,874,3.3,4.2,28.2,25.3,10,15.5,2.8,28.8,25.1,10,14.1,4.8,39.5,47,13.5,39.9,45.7,14.4
"635",2021-07-19,874,3.3,4.2,28.2,25.3,10,15.5,4,28,24,10.5,16.7,2.5,39.5,47,13.5,37,48.7,14.3
"636",2021-07-20,873,3.3,4.2,28.2,25.3,10,15.5,NA,NA,NA,NA,NA,NA,39.5,47,13.5,NA,NA,NA
"637",2021-07-21,872,3.3,4.2,28.2,25.3,10,15.5,NA,NA,NA,NA,NA,NA,39.5,47,13.5,NA,NA,NA
"638",2021-07-22,871,3.4,4.2,28.3,25.2,10.1,15.3,3.5,31.1,25.1,10,12.4,3.3,39.5,47,13.5,38.4,47,14.6
"639",2021-07-23,870,3.4,4.2,28.3,25.2,10.1,15.4,3.3,30,25.6,9.6,14.9,4.6,39.5,47,13.5,39.8,48.2,12
"640",2021-07-23,870,3.4,4.2,28.3,25.2,10.1,15.4,3,28.1,25.4,9.9,17,3.5,39.5,47,13.5,38.8,48.1,13.1
"641",2021-07-24,869,3.4,4.2,28.3,25.2,10.1,15.4,NA,NA,NA,NA,NA,NA,39.5,47,13.5,NA,NA,NA
"642",2021-07-25,868,3.4,4.1,28.3,25.3,10.1,15.3,NA,NA,NA,NA,NA,NA,39.5,47,13.5,NA,NA,NA
"643",2021-07-26,867,3.4,4.1,28.2,25.3,10.1,15.5,NA,NA,NA,NA,NA,NA,39.5,47.1,13.4,NA,NA,NA
"644",2021-07-27,866,3.4,4.1,28.2,25.3,10.1,15.4,NA,NA,NA,NA,NA,NA,39.5,47.1,13.5,NA,NA,NA
"645",2021-07-28,865,3.4,4.1,28.2,25.3,10.1,15.4,NA,NA,NA,NA,NA,NA,39.5,47.1,13.5,NA,NA,NA
"646",2021-07-29,864,3.5,4.1,28.2,25.3,10.1,15.5,5,26.4,24.7,10.3,16.1,4.5,39.5,47.1,13.4,39.5,47.5,13
"647",2021-07-30,863,3.5,4.1,28.2,25.3,10.1,15.5,NA,NA,NA,NA,NA,NA,39.5,47.1,13.4,NA,NA,NA
"648",2021-07-31,862,3.4,4.1,28.3,25.2,10,15.6,NA,NA,NA,NA,NA,NA,39.4,47.3,13.3,NA,NA,NA
"649",2021-08-01,861,3.4,4.1,28.3,25.2,10,15.6,NA,NA,NA,NA,NA,NA,39.4,47.3,13.3,NA,NA,NA
